Date,Cosmos Return,Cosmos Price,Famala Index,US Treasury Yield,Famala Index Return
2019-03-16,-0.016183497858949507,7.38388208145,2535.005003737605,2.59,0.02145066394268678
2019-03-17,-0.4356617827274414,4.77616414815,2527.95071668313,2.59,-0.0027827507417437845
2019-03-18,0.0676284077010614,5.11034109552,2535.007902762146,2.60,0.0027916628407517272
2019-03-19,-0.058101612939497914,4.82188311556,2561.2530603944733,2.61,0.010353087106249513
2019-03-20,-0.09579746393247877,4.38139460075,2573.2184645734706,2.54,0.004671699319377044
2019-03-21,-0.18732257942607033,3.63294820484,2545.6598690871247,2.54,-0.010709776828417842
2019-03-22,-0.037696914312227894,3.49854644907,2537.042244158477,2.44,-0.0033852224459735127
2019-03-23,-0.015273801144304287,3.44551636275,2535.43450177785,2.44,-0.0006337073749279012
2019-03-24,0.08873870105671998,3.76524330453,2536.036421368509,2.44,0.00023740293438332335
2019-03-25,0.0034724936880560957,3.77834081549,2500.6966966621653,2.43,-0.013935022544854986
2019-03-26,-0.009156375439698106,3.74390281269,2514.4743131001114,2.41,0.005509511191955404
2019-03-27,0.008780572935695218,3.77692117232,2559.174752211354,2.39,0.01777725025002594
2019-03-28,-0.07832399286727487,3.49238603477,2554.7180037347757,2.39,-0.0017414787609667695
2019-03-29,0.013495361988709955,3.53983650902,2570.6606581063834,2.41,0.00624047521029753
2019-03-30,-0.02091044905857273,3.4665854632,2580.389364069898,2.41,0.003784515833638271
2019-03-31,0.044498223040049155,3.62432591368,2580.3390144344257,2.41,-1.9512417844110392e-05
2019-04-01,0.027447641338361233,3.72518292313,2613.4373912344604,2.49,0.012827142718411115
2019-04-02,0.016510110783714067,3.78719662376,3085.213811340748,2.48,0.18051950342818185
2019-04-03,-0.005359912303096539,3.76695188546,3164.3763106253396,2.52,0.025658675257320192
2019-04-04,-0.00523180420401556,3.74729539504,3144.0482140135605,2.51,-0.00642404525135693
2019-04-05,0.016186046725531523,3.808442826,3176.2183060719003,2.50,0.01023206066464001
2019-04-06,0.15508921443321844,4.44735533578,3200.5394425745076,2.50,0.007657262240480488
2019-04-07,0.03729707138797501,4.61636077815,3286.4762274916247,2.50,0.02685071890505739
2019-04-08,0.1660184556725231,5.45005194598,3353.741638737246,2.52,0.020467335404084436
2019-04-09,-0.34908606233544315,3.84409835599,3310.103665931131,2.51,-0.013011727648330512
2019-04-10,-0.024841227515155075,3.74978254444,3390.6117391318267,2.48,0.024321918986802648
2019-04-11,-0.06613523091252844,3.50981250699,3253.9501259834783,2.51,-0.04030588686139005
2019-04-12,0.20457135271456878,4.3065364448,3283.8333659258483,2.56,0.00918368099859491
2019-04-13,-0.0008130007920686317,4.30303665012,3291.403487441205,2.56,0.0023052696869173815
2019-04-14,0.03643009031281696,4.46268704679,3329.3231646617883,2.56,0.011520823066898637
2019-04-15,-0.025663835054346495,4.34961452582,3278.3515258608895,2.55,-0.015309910236988584
2019-04-16,0.015742709477101678,4.41863107198,3391.310327212625,2.60,0.03445597595641385
2019-04-17,-0.016622899303223568,4.34578772377,3405.9464357949537,2.59,0.004315767998252862
2019-04-18,0.0038332300371984747,4.36247809639,3423.3175224085808,2.57,0.005100223077810278
2019-04-19,0.11130889682984432,4.87611679058,3436.3674492447926,2.57,0.0038120702361930407
2019-04-20,0.108617625684389,5.43558303596,3472.8855284129636,2.57,0.010626942463966279
2019-04-21,-0.04127063231901582,5.2158191759,3484.543532669512,2.57,0.003356863956836436
2019-04-22,-0.17385581048804585,4.3834686769,3544.952432563992,2.59,0.01733624485620949
2019-04-23,-0.06147011196753008,4.12213088342,3710.9011168147485,2.57,0.046812668831984705
2019-04-24,-0.12529555399686654,3.63669273874,3671.803110792557,2.53,-0.01053598702617847
2019-04-25,-0.09579016162837754,3.30449782834,3506.050540108699,2.54,-0.045142009438540034
2019-04-26,0.09489402976206125,3.63343524228,3544.7484400120507,2.51,0.011037462084660079
2019-04-27,-0.056423115697864186,3.43410188944,3532.1758150108462,2.51,-0.0035468313799897387
2019-04-28,0.2547445824635327,4.43044493263,3555.2037652941476,2.51,0.00651948019842004
2019-04-29,-0.16732118149500186,3.74783685087,3541.152425030814,2.54,-0.003952330496637834
2019-04-30,0.04925785692979548,3.93706960184,3555.742793674398,2.51,0.004120231747284101
2019-05-01,0.10892073250315729,4.39012378273,3609.259077419207,2.52,0.015050662224504466
2019-05-02,0.04553679499595369,4.59465751249,3698.6311884077886,2.55,0.024761899623034753
2019-05-03,0.14485678382531209,5.31084524286,3887.50721524982,2.54,0.05106646681453527
2019-05-04,-0.00962151068327113,5.2599919238,3967.718551034694,2.54,0.020633102742606567
2019-05-05,-0.08038707389833147,4.85370542039,3948.523607354328,2.54,-0.004837778545396195
2019-05-06,-0.026793918265406582,4.72538244866,3883.5476100574683,2.51,-0.016455770246843252
2019-05-07,-0.02395611561245994,4.61352581508,3973.8647967582788,2.45,0.023256361391556096
2019-05-08,-0.05770480950431157,4.35483871018,4108.601228749656,2.49,0.0339056407005316
2019-05-09,-0.11123260919076465,3.89640746147,4301.851636477676,2.45,0.04703557171130737
2019-05-10,-0.01642955626445699,3.83291422691,4463.776020360116,2.47,0.03764062491355979
2019-05-11,0.047104077732333695,4.0177798998,5061.008005146564,2.47,0.13379524018731265
2019-05-12,-0.06285924516751884,3.77299924614,4914.402059372911,2.47,-0.02896773639254641
2019-05-13,0.04252920067056325,3.93692295322,5613.849506491346,2.40,0.14232605282761215
2019-05-14,0.015452159577434933,3.99822935324,5574.116351521773,2.42,-0.007077702194123469
2019-05-15,0.12466464978824118,4.52906832791,5563.969514405989,2.37,-0.0018203489980997986
2019-05-16,-0.057012081857893,4.27807939484,5295.534034466969,2.40,-0.04824531824698138
2019-05-17,0.027289525893792077,4.39643372508,4937.820871369802,2.39,-0.06754996961003827
2019-05-18,0.06968026450562761,4.71370375912,4920.505243245282,2.39,-0.0035067347673380838
2019-05-19,0.03759042347723427,4.89426632998,5575.763863532134,2.39,0.13316897104954217
2019-05-20,-0.03525890130227106,4.72470668576,5446.641201947418,2.41,-0.0231578425387116
2019-05-21,0.010705448525350299,4.77555850006,5422.8877752023045,2.43,-0.0043611146511029295
2019-05-22,-0.09124529022365818,4.3591001142,5253.41103172802,2.39,-0.03125212073339687
2019-05-23,-0.005543745333574007,4.33500123403,5417.305532385638,2.31,0.031197730325644716
2019-05-24,0.031326860998080186,4.47295272711,5470.37721661982,2.32,0.00979669393149593
2019-05-25,-0.010846150920337425,4.42470055497,5517.842423477433,2.32,0.008676770353862797
2019-05-26,0.01878058484828911,4.50858424602,5965.044958241472,2.32,0.08104663026643755
2019-05-27,0.03514271519428607,4.66984511426,5984.657798556042,2.32,0.0032879618597797477
2019-05-28,0.01955028055057502,4.76204017957,5896.4177498051395,2.26,-0.014744376657959022
2019-05-29,-0.015400736782911057,4.68926310098,5856.872207386668,2.25,-0.006706706359090307
2019-05-30,0.23642805366249572,5.9399665524,5644.998533088032,2.22,-0.036175225751284484
2019-05-31,-0.021601044388131437,5.81303295598,5774.543123163065,2.14,0.022948560449698993
2019-06-01,-0.0056902145764649685,5.78004948164,5796.026143198644,2.14,0.0037202977928081624
2019-06-02,0.09519184642171559,6.35730210423,5910.817189239492,2.14,0.019805129101349923
2019-06-03,0.039323992549808236,6.61227706512,5557.633178805954,2.07,-0.05975214579068717
2019-06-04,-0.11069794777934601,5.91937065328,5204.712044321646,2.12,-0.06350205620446009
2019-06-05,0.043739215610123,6.18402497724,5282.587966202088,2.12,0.014962580295946337
2019-06-06,-0.020477185586621587,6.0586812731,5246.945347693587,2.12,-0.006747188828002859
2019-06-07,0.04528221502725932,6.33933821005,5411.205243920788,2.09,0.031305814210434935
2019-06-08,-0.03221493298625891,6.13837130219,5366.555078637624,2.09,-0.008251427042677062
2019-06-09,-0.04429759464060876,5.87239085796,5215.423330625479,2.09,-0.028161780844055382
2019-06-10,0.039448563351442506,6.10867819726,5401.682338624626,2.15,0.035713114006568875
2019-06-11,-0.02067829830524939,5.98365818259,5340.719679754666,2.15,-0.011285865226477301
2019-06-12,0.024420715866485476,6.13158225336,5469.822390375397,2.13,0.02417327970051064
2019-06-13,0.0250071550218264,6.28684897949,5563.600287345843,2.10,0.01714459634657532
2019-06-14,0.0019943016993759005,6.29939936356,5946.025335978251,2.09,0.06873697406016327
2019-06-15,-0.015796231997507147,6.20067438393,6038.428494084223,2.09,0.015540323642225
2019-06-16,0.08375145853993915,6.74235665763,6151.465008601328,2.09,0.018719525225453268
2019-06-17,0.03996251306226881,7.0172543924,6399.544361483166,2.09,0.04032849939566574
2019-06-18,-0.0634276371301891,6.58598819958,6252.379839736155,2.06,-0.022996093695786715
2019-06-19,0.009521146248160422,6.64899382333,6396.7234028666035,2.03,0.023086179475708155
2019-06-20,-0.023300378023343782,6.4958607115,6635.23437301419,2.01,0.03728642855507889
2019-06-21,0.003031266923900447,6.51558127326,7098.185090733265,2.07,0.06977156972810436
2019-06-22,0.02665190902745461,6.69156873632,7490.489983833399,2.07,0.055268338044930816
2019-06-23,0.01647502714221771,6.80272565527,7654.991002097721,2.07,0.021961316098060686
2019-06-24,-0.024275900259677574,6.63957173235,7785.174079135217,2.02,0.01700630046486285
2019-06-25,-0.00908331161716639,6.57953550994,8475.31134222765,2.00,0.08864763408978177
2019-06-26,-0.04231277903399405,6.30694478205,9581.508212543664,2.05,0.13051990961139867
2019-06-27,-0.1425175643949457,5.46920795643,8186.468353762968,2.01,-0.14559710515661559
2019-06-28,0.07946444558912402,5.921550088,9198.872323283775,2.00,0.12366797570962917
2019-06-29,0.02633266514771514,6.07955145227,8711.835597186422,2.00,-0.05294526426511943
2019-06-30,-0.11604725396092062,5.41343412476,7862.266983314345,2.00,-0.09751889878941858
2019-07-01,0.009053557544009704,5.4626674944,7612.8645160495225,2.03,-0.03172144469198464
2019-07-02,-0.0210215059218858,5.34903257054,7843.95697140272,1.98,0.030355519248504437
2019-07-03,0.046840261303311044,5.60554327077,8846.956152737432,1.96,0.12786903153490234
2019-07-04,-0.020435429431805888,5.4921541109,8267.56545929298,1.96,-0.06549039957264575
2019-07-05,-0.024596131570833277,5.35871612204,8049.449809503301,2.04,-0.026382089245451434
2019-07-06,-0.012752349938372575,5.29081377627,8249.127722295872,2.04,0.02480640509825011
2019-07-07,0.02161503127168647,5.40641979436,8382.303818436056,2.04,0.016144264051122986
2019-07-08,-0.04059118166499338,5.19136109719,9123.544201412888,2.05,0.08842919548520137
2019-07-09,-0.035903360978375355,5.00828006427,9434.798795257248,2.07,0.03411553525395959
2019-07-10,-0.11009185426043135,4.48617614738,9205.903266794916,2.07,-0.024260774758375823
2019-07-11,-0.03149676540138694,4.3470781769,8629.88243276305,2.13,-0.06257081106962474
2019-07-12,0.04350313220372345,4.54036346924,8984.031004804363,2.12,0.04103747354619805
2019-07-13,-0.05902235911511176,4.28013567577,8650.80078317355,2.12,-0.03709139265577023
2019-07-14,-0.11355545039545888,3.8206832147,7836.000128426814,2.12,-0.09418788793883502
2019-07-15,0.09196260537222416,4.18870603488,8403.42124355081,2.09,0.07241208599085547
2019-07-16,-0.13740616010630635,3.65094377954,7287.952639902752,2.13,-0.13273981766701545
2019-07-17,0.04869968438456029,3.83314413077,7387.763173588757,2.06,0.013695277482941652
2019-07-18,0.07203973701556354,4.11947251699,8174.754418570441,2.04,0.10652632285170922
2019-07-19,-0.0457503083822588,3.93525159249,8072.005442025731,2.05,-0.01256905972750654
2019-07-20,0.034016984638518974,4.0714198722,8227.34968010019,2.05,0.019244813347830618
2019-07-21,0.03778946674624438,4.22822070864,8091.386422632538,2.05,-0.016525766225363097
2019-07-22,-0.05553070488233588,3.99982481307,7914.843775218639,2.05,-0.02181859055947303
2019-07-23,-0.07146046160932047,3.72396924884,7555.143082127462,2.08,-0.045446341495381085
2019-07-24,0.04889032610161905,3.91055938085,7424.484530315485,2.05,-0.017293987736786066
2019-07-25,-0.019512170791758238,3.83499548356,7517.832978239039,2.08,0.012573054404301839
2019-07-26,0.01799784795026116,3.90464201299,7458.043514251611,2.08,-0.007953018397787472
2019-07-27,-0.07659167029909715,3.6167449447,7183.577524168423,2.08,-0.03680133932695742
2019-07-28,0.0002789776938447456,3.61775407662,7238.8519258293045,2.08,0.007694550726976372
2019-07-29,-0.003953039225272257,3.60348118209,7210.597677882074,2.06,-0.0039031393702660252
2019-07-30,-0.00195863510391829,3.59643018477,7283.437556730939,2.06,0.01010178103159122
2019-07-31,0.017127985382137157,3.65856035179,7676.038700234516,2.02,0.05390327581524433
2019-08-01,-0.027986900590318827,3.55758812732,7983.244290340236,1.90,0.0400213706708298
2019-08-02,0.027872954073099965,3.65814349533,8115.582197112169,1.86,0.01657695818378776
2019-08-03,0.01276645248519138,3.70514438943,8374.3720207126,1.86,0.03188801706580205
2019-08-04,-0.02586411848462872,3.61054276338,8514.251696153815,1.86,0.016703303256082408
2019-08-05,0.04883687971117343,3.79124700757,9238.692101108078,1.75,0.08508562241371344
2019-08-06,-0.06437278909182627,3.55488317884,9007.87292427342,1.73,-0.024983966811381528
2019-08-07,-0.016920520811597343,3.49523873459,9450.083315951164,1.71,0.04909154418532299
2019-08-08,-0.06897402997805019,3.26228428473,9509.718637940074,1.72,0.006310560446408861
2019-08-09,-0.03833528939454357,3.1395904499,9502.485357375108,1.74,-0.0007606198290775692
2019-08-10,0.06080225858997244,3.33640746904,9010.35519527051,1.74,-0.05178962593429776
2019-08-11,0.05483669476198874,3.52447438602,9110.81403499975,1.74,0.011149265212316078
2019-08-12,-0.05610528768457472,3.33217760969,9014.111155978442,1.65,-0.010614076705969193
2019-08-13,-0.02499321689405503,3.2499278959,8576.247009707839,1.68,-0.04857541012018677
2019-08-14,-0.13378625801078053,2.8429622439,7957.283900528868,1.59,-0.07217179128333623
2019-08-15,0.0371883820071749,2.95067788127,8189.562468196434,1.52,0.02919068498387091
2019-08-16,-0.010770845567375138,2.91906712836,8275.13315691673,1.55,0.010448749741222972
2019-08-17,-0.00629064607223397,2.90076194627,8137.572651317127,1.55,-0.016623358560052242
2019-08-18,0.025810621990539722,2.97660700994,8163.176902394023,1.55,0.0031464236540797432
2019-08-19,-0.02261530128900659,2.91004563525,8669.369082073268,1.60,0.062009213536802485
2019-08-20,-0.007642964317572296,2.88788903919,8573.270892778848,1.55,-0.011084796181204726
2019-08-21,-0.08522663050623186,2.65196047523,8050.644662031919,1.59,-0.060959957673462746
2019-08-22,0.025216932582764626,2.71968509861,8007.752717488915,1.62,-0.005327765209324131
2019-08-23,-0.005592007337364599,2.70451904345,8242.43190014961,1.52,0.02930649720840607
2019-08-24,-0.001518683909496513,2.70041485117,8032.170364661551,1.52,-0.025509647884897
2019-08-25,-0.03073930764334625,2.61866881335,8037.697022272203,1.52,0.0006880652874305959
2019-08-26,0.0022798845123265838,2.62464588675,8246.978683068777,1.54,0.02603751549936025
2019-08-27,-0.024364930444943592,2.56146934368,8084.543539573627,1.49,-0.019696321493910644
2019-08-28,-0.09823058919444315,2.32181792459,7780.322177316879,1.47,-0.037629998622382616
2019-08-29,-0.065446004710295,2.17472987692,7583.409950300085,1.50,-0.025309006816052027
2019-08-30,-0.00705304278218448,2.15944537853,7669.325694414829,1.50,0.011329434209388058
2019-08-31,-0.057926535852864926,2.03791022578,7679.984269228776,1.50,0.0013897668763381578
2019-09-01,0.04810872810457112,2.13834809297,7802.948247986144,1.50,0.016010967528936982
2019-09-02,-0.00823711700938669,2.12080661431,8329.476573274867,1.50,0.06747812603071078
2019-09-03,0.01901445171332988,2.16151841899,8579.609311273298,1.47,0.030029826700153233
2019-09-04,-0.054038326592502135,2.04781346173,8580.557269132567,1.47,0.00011048963010745709
2019-09-05,-0.04992928121352625,1.94807818154,8583.462933510587,1.57,0.0003386335277398817
2019-09-06,0.047737588529658544,2.04333019871,8399.55187568849,1.55,-0.021426207493026185
2019-09-07,0.06280052190862265,2.17576744181,8483.028934714324,1.55,0.009938275310549423
2019-09-08,0.22842178006502165,2.73410250198,8378.170638299971,1.55,-0.012360949988659282
2019-09-09,0.002258639234186912,2.74028483236,8282.883004063735,1.63,-0.01137332221435526
2019-09-10,-0.0547443541813937,2.59430203269,8087.039135839564,1.72,-0.023644408369415174
2019-09-11,-0.0076480589041311295,2.57453633887,8160.061450700341,1.75,0.009029548841573223
2019-09-12,0.17936794346705848,3.08033204747,8374.906565993826,1.79,0.02632885997139712
2019-09-13,0.029821037889198154,3.17357412405,8324.212811555646,1.90,-0.0060530531342309025
2019-09-14,-0.02160398622280838,3.10574757239,8272.154984870236,1.90,-0.0062537837347386716
2019-09-15,0.10462989266746718,3.44831030061,8251.21982604103,1.90,-0.002530798669451545
2019-09-16,-0.038087442086804854,3.31944267892,8154.238066087816,1.84,-0.01175362697853921
2019-09-17,0.0008982523089636945,3.32242571553,8030.434126166944,1.81,-0.015182772310236181
2019-09-18,-0.0037304372766473483,3.31005470378,7898.709496524041,1.80,-0.016403176661854677
2019-09-19,-0.055847692233923475,3.13026299142,7957.683899045125,1.79,0.007466333905182432
2019-09-20,0.017327601408843277,3.18497559097,7909.020409645297,1.74,-0.0061152830417990495
2019-09-21,-0.03529339683831357,3.0745274923,7778.418635368312,1.74,-0.01651301520447621
2019-09-22,-0.054823799694818064,2.91050739555,7872.930271547148,1.74,0.012150494928248455
2019-09-23,-0.1205144608508666,2.58006080856,7628.489474986965,1.72,-0.031048261337153438
2019-09-24,-0.14053242011823794,2.24180321282,6827.977061296559,1.64,-0.10493721152991088
2019-09-25,0.027190208139335828,2.30359456175,6661.508721899175,1.73,-0.024380330792408093
2019-09-26,-0.03606575978488167,2.22199401146,6340.754958182889,1.70,-0.04815031805960618
2019-09-27,0.03073780409715408,2.29135375021,6430.7963352975075,1.69,0.014200418989290569
2019-09-28,-0.00400866173453691,2.28218687384,6430.91593497981,1.69,1.859795833466478e-05
2019-09-29,-0.03372792629002731,2.20649704869,6321.076348705723,1.69,-0.017079928797799165
2019-09-30,0.1756987813159409,2.6303186367,6427.721903993101,1.68,0.016871423378585507
2019-10-01,-0.030852813457682253,2.55040502536,6495.520784600799,1.65,0.010547886423894521
2019-10-02,0.0207958737148758,2.60399825376,6517.127679899012,1.60,0.0033264300145782874
2019-10-03,-0.00865566872367078,2.58155617324,6423.818740671713,1.54,-0.01431749442551117
2019-10-04,0.0017469265580310085,2.58606990371,6350.855131711959,1.52,-0.011358291991925786
2019-10-05,0.06023944140168326,2.74664111655,6302.470436103398,1.52,-0.007618611132689793
2019-10-06,-0.029472128178361208,2.66687299943,6157.557907737072,1.52,-0.02299297233291277
2019-10-07,0.08699896739843971,2.90927989618,6321.6914354236405,1.56,0.026655620644725396
2019-10-08,0.001664749967911749,2.91412715341,6298.15826248314,1.54,-0.003722607023910147
2019-10-09,-0.0007063580105415455,2.91206946317,6589.546072269661,1.59,0.0462655585399083
2019-10-10,-0.0027507940791126934,2.90406996726,6612.793989423777,1.67,0.003527999789234182
2019-10-11,-0.023912614596516068,2.83544977527,6401.954797741954,1.76,-0.03188352639126971
2019-10-12,0.0014671423141375708,2.83961283677,6424.578468034861,1.76,0.0035338691083676493
2019-10-13,0.01391232311522752,2.87939453434,6394.76288030587,1.76,-0.004640862879539382
2019-10-14,0.07446095858314986,3.10198118563,6393.828247487372,1.76,-0.0001461559773194817
2019-10-15,-0.050356945303663886,2.94964272897,6281.195824220534,1.77,-0.01761580369493041
2019-10-16,-0.03368558474906778,2.85193716227,6164.451455275125,1.75,-0.018586328497391804
2019-10-17,0.02337828863362253,2.91939603652,6175.136342191997,1.76,0.001733307009454703
2019-10-18,-0.058388773325147074,2.75381709764,6086.313138372007,1.76,-0.014384006910600412
2019-10-19,0.0026438671803694067,2.76110745741,6105.159512923179,1.76,0.0030965174026870443
2019-10-20,0.05048601427773464,2.9040835471,6308.284323986335,1.76,0.03327100801104192
2019-10-21,0.028925648963388978,2.98931276103,6328.139366799122,1.80,0.0031474552815083877
2019-10-22,-0.037744618822763656,2.87858512201,6191.064658505102,1.78,-0.021661139293674452
2019-10-23,-0.06814649991218026,2.68895433889,5743.198353697097,1.77,-0.07234075712530942
2019-10-24,0.05758567902792325,2.84834486218,5709.187391855223,1.77,-0.00592195493648249
2019-10-25,0.057173762758330075,3.01594085103,6671.427802075926,1.80,0.16854244644228064
2019-10-26,0.02351024055482742,3.08768641908,7244.6212702132625,1.80,0.08591766037833433
2019-10-27,0.036628717612334126,3.20288125343,7490.3188780444025,1.80,0.03391448616387193
2019-10-28,-0.02789559921253431,3.11476963851,7220.153393724398,1.85,-0.03606862254047863
2019-10-29,0.013145324466681827,3.15598459454,7334.272784263143,1.84,0.01580567396780455
2019-10-30,-0.038997085355825245,3.0352792686,7166.690229185897,1.78,-0.022849239455181063
2019-10-31,0.05444035152891454,3.20510159193,7161.639832726827,1.69,-0.0007047041657392129
2019-11-01,0.01998354165811959,3.26979512316,7218.617197852632,1.73,0.007955910441828277
2019-11-02,0.04874852780690102,3.4331419328,7270.491286076545,1.73,0.007186153081970443
2019-11-03,-0.010903409269724138,3.39591231494,7202.709907254242,1.73,-0.009322805867618411
2019-11-04,0.06498785900825371,3.62393447448,7325.394936613858,1.79,0.017033176532078923
2019-11-05,0.03509794552303487,3.75338557448,7232.011413256228,1.86,-0.012747916551349294
2019-11-06,0.0019287802506918,3.7606320166,7226.627644152193,1.81,-0.0007444359247229599
2019-11-07,0.0335958411451097,3.88911985604,7189.5706411389965,1.92,-0.0051278417593832015
2019-11-08,-0.019962499318358973,3.81225308263,6800.577117500896,1.94,-0.05410525093282552
2019-11-09,0.03878888226749977,3.96303147698,6793.096014525811,1.94,-0.0011000688391331198
2019-11-10,0.059967551464307635,4.20795511317,6990.506304498562,1.94,0.029060429817365178
2019-11-11,0.03517506168146797,4.35860420674,6740.598756268521,1.94,-0.03574956338559037
2019-11-12,-0.032881719915150466,4.21761646654,6794.158984074244,1.92,0.007945915450895675
2019-11-13,-0.054143104960851965,3.99533346036,6779.245012943506,1.88,-0.0021951165943712657
2019-11-14,0.005369907954620159,4.01684574108,6702.125601412106,1.82,-0.011375811227379504
2019-11-15,-0.022524034016411364,3.92738150107,6541.472321505622,1.84,-0.023970496743993503
2019-11-16,0.015257040030164405,3.98776115399,6579.627972608965,1.84,0.005832884284766196
2019-11-17,-0.0160572331264234,3.92424009454,6594.938836400236,1.84,0.0023270105627567744
2019-11-18,-0.07804620003529192,3.62961479646,6394.973988421339,1.81,-0.0303209556509012
2019-11-19,-0.028534622425739967,3.52750881452,6318.149000854142,1.79,-0.01201333855404177
2019-11-20,-0.05272107559679944,3.34635210265,6169.5778024435995,1.73,-0.02351498807490258
2019-11-21,-0.045363771123325375,3.19794065338,5898.039905623522,1.77,-0.044012395258639724
2019-11-22,-0.08314802792488224,2.94279270134,5652.081910291204,1.77,-0.0417016499155606
2019-11-23,0.10072615036169749,3.25465141988,5717.069806783412,1.77,0.011498045768565284
2019-11-24,-0.06288975375101626,3.05627063363,5473.189196281808,1.77,-0.042658323012294656
2019-11-25,0.10971590186382706,3.41067878057,5550.660833620045,1.76,0.014154752295218878
2019-11-26,0.02829394200845841,3.50855850006,5593.59180852144,1.74,0.007734389866043352
2019-11-27,0.021448989037176677,3.58462640642,5862.257529889107,1.77,0.048030984484490634
2019-11-28,0.028155226588487726,3.68698660056,5807.414508207545,1.77,-0.00935527335705426
2019-11-29,0.08465810823301204,4.0127130886,6051.821784036215,1.78,0.04208538506821797
2019-11-30,-0.02196541378785675,3.92553316196,5896.0615452827005,1.78,-0.025737743825237254
2019-12-01,-0.03056832130113877,3.80735170976,5767.319069909941,1.78,-0.02183533438109427
2019-12-02,-0.03361653151086313,3.68148913522,5699.108203129684,1.83,-0.011827135962727792
2019-12-03,0.005624517104499287,3.70225407547,5701.598555416455,1.72,0.00043697227671586977
2019-12-04,-0.028246171784496652,3.59914267749,5653.394453782094,1.77,-0.008454488888658714
2019-12-05,-0.019245037816171234,3.53053929528,5816.4069449859535,1.80,0.02883444495807373
2019-12-06,0.038521611357342375,3.66919482954,5902.746074522214,1.84,0.014844066165399518
2019-12-07,0.03647456405763445,3.80549779598,5907.590957899412,1.84,0.0008207846510812833
2019-12-08,0.03606246898098417,3.94523798631,5900.466435302889,1.84,-0.0012059945665324789
2019-12-09,-0.06279539078376979,3.70511348221,5772.93280085337,1.83,-0.02161416149856843
2019-12-10,-0.029178913215060227,3.59856435102,5669.251067837633,1.85,-0.017959975733722523
2019-12-11,0.05824977454256142,3.81440522815,5627.169903481367,1.79,-0.0074227025497243014
2019-12-12,0.07806340066879969,4.124101384,5646.169140933349,1.90,0.003376339754772162
2019-12-13,-0.033862797460289674,3.98678583963,5671.294822215366,1.82,0.004450040488490224
2019-12-14,0.06263679043813679,4.24449200139,5550.7200492688935,1.82,-0.021260536919040472
2019-12-15,0.057203323515333415,4.49436983763,5572.429542652247,1.82,0.003911113007079624
2019-12-16,-0.09674121316476773,4.07994804016,5438.173503254431,1.89,-0.024092909272373723
2019-12-17,-0.11759141154160828,3.62731549467,5265.547563087611,1.89,-0.0317433675228482
2019-12-18,0.17125731424666885,4.30488384365,5784.056931151999,1.92,0.09847206997031571
2019-12-19,-0.003767977002666656,4.2886936616,5740.433161064814,1.92,-0.0075420713534534245
2019-12-20,0.006028483946912472,4.31462607051,5743.661591174287,1.92,0.0005624018290763292
2019-12-21,-0.0538935740708305,4.08825033944,5728.770196717319,1.92,-0.002592665709945495
2019-12-22,0.04320522663748828,4.26875542541,5999.153300854297,1.92,0.04719740796932518
2019-12-23,0.007678869163659973,4.30166081622,5882.457164194406,1.93,-0.019452101122882415
2019-12-24,0.027905905700505308,4.42339318358,5846.990759636589,1.90,-0.006029181950307258
2019-12-25,-0.02771206931539024,4.30249471542,5818.843970820773,1.90,-0.004813893158532249
2019-12-26,0.062169673602354585,4.57846914505,5781.49663105059,1.90,-0.0064183435674621935
2019-12-27,-0.01277473690555073,4.52035240965,5822.473839751182,1.88,0.0070876472504570135
2019-12-28,-0.025613527539976765,4.40604045441,5837.407698786763,1.88,0.0025648649434239783
2019-12-29,-0.03189766759705486,4.26771588428,5901.699279333589,1.88,0.011013721135186212
2019-12-30,-0.01832804140249124,4.19020945105,5797.229123039555,1.90,-0.0177017078216549
2019-12-31,0.006306091865092986,4.21671678779,5724.287952757511,1.92,-0.012582074769506358
2020-01-01,0.03802802507226126,4.38015818021,5721.370481163654,1.92,-0.0005096654147965489
2020-01-02,-0.06809578606601442,4.09181669799,5550.834745988173,1.88,-0.02980679816783971
2020-01-03,0.03743503360722711,4.24789720619,5839.569748800784,1.80,0.05201650130573449
2020-01-04,0.009012851991181181,4.28635592602,5892.266205221442,1.80,0.009024030654224142
2020-01-05,-0.012791243508852983,4.23187727127,5883.398436740085,1.80,-0.0015049843595827898
2020-01-06,-0.030454028458536994,4.10494221268,6134.515789711606,1.81,0.0426823638874034
2020-01-07,-0.0021708957848232146,4.0960404768,6521.532115121593,1.83,0.06308832492681242
2020-01-08,-0.021070219049166474,4.01063888139,6462.597915081685,1.87,-0.009036864190740783
2020-01-09,0.06106730647393248,4.2631906429,6288.068267382085,1.85,-0.027006112710849968
2020-01-10,9.952570987472876e-05,4.26361496109,6515.362514580495,1.83,0.03614691150499232
2020-01-11,0.002708808117722313,4.27517993248,6392.917611482733,1.83,-0.01879326020981136
2020-01-12,-0.0028749454951739217,4.26290667412,6511.198988644715,1.83,0.018501939857558828
2020-01-13,-0.0016288389884201262,4.25596873745,6484.44590195673,1.85,-0.004108780385093672
2020-01-14,0.06458427575909008,4.53990770362,6957.91931438913,1.82,0.0730167881097636
2020-01-15,0.006146129972073613,4.56789648968,6932.451882365713,1.79,-0.0036602080122932618
2020-01-16,0.10553022350510352,5.07630195927,6864.897401769025,1.81,-0.009744673564706277
2020-01-17,-0.014905077507859686,5.00120037298,6995.325060046634,1.84,0.01899921450304534
2020-01-18,-0.0763979672290049,4.6333492698,6994.9852442745505,1.84,-4.8577552746461143e-05
2020-01-19,-0.02507397489255658,4.51861719214,6831.603650596716,1.84,-0.023356960446995045
2020-01-20,-0.002950755597322623,4.50530350954,6785.113703975235,1.84,-0.006805129366282884
2020-01-21,0.03148883195806655,4.64942749403,6846.401568734027,1.78,0.009032695313990854
2020-01-22,0.0005663796450582612,4.652061581,6791.26179844642,1.77,-0.008053832328418824
2020-01-23,-0.04563517479833022,4.44453520326,6587.424123945796,1.74,-0.030014698380093924
2020-01-24,0.008958697715726611,4.48453133978,6625.4728645160785,1.70,0.005775966425476136
2020-01-25,-0.0156114087225239,4.41506513162,6572.0225232574585,1.70,-0.008067400222085736
2020-01-26,0.014730631796668272,4.48058320702,6732.081676990048,1.70,0.024354626473990806
2020-01-27,0.00824969318437147,4.51769953241,6995.603808688756,1.61,0.03914422675521213
2020-01-28,0.01514488097309415,4.58664028613,7370.321680640087,1.65,0.05356476470064244
2020-01-29,-0.038625573363555404,4.41285652952,7338.009831976498,1.60,-0.004384048629581981
2020-01-30,0.0004773699734860335,4.41496359761,7438.741566402135,1.57,0.013727391586024087
2020-01-31,-0.005781339807731257,4.38951283346,7322.890523800621,1.51,-0.015574010948944264
2020-02-01,-0.0030016054228953573,4.37635700212,7335.639118761372,1.51,0.0017409238768920155
2020-02-02,0.006924113793915839,4.40676454717,7254.717321901875,1.51,-0.011031321954283977
2020-02-03,-0.033701056180235764,4.26072656645,7194.733154900736,1.54,-0.008268298313987779
2020-02-04,-0.010321993607572456,4.2169735716,7074.882569165961,1.61,-0.016658100190017136
2020-02-05,0.02549015412317975,4.32584657779,7385.634651474682,1.66,0.04392328484193546
2020-02-06,0.05424655367691917,4.5669903236,7449.4359706995265,1.65,0.008638569633566342
2020-02-07,0.05197421837833776,4.81063279566,7472.532511323683,1.59,0.0031004415253719966
2020-02-08,-0.03879865706450469,4.62756113562,7529.827163005058,1.59,0.007667367334240654
2020-02-09,0.027962492780148493,4.75878540911,7720.133748367054,1.59,0.025273699016226493
2020-02-10,0.006275109109421823,4.7887411964,7517.9360927173775,1.56,-0.026190952416134627
2020-02-11,0.06354654309699287,5.10292610733,7764.003981975938,1.59,0.032730776934500154
2020-02-12,0.0014909911408278907,5.11054019981,7719.31268615671,1.62,-0.005756217529380241
2020-02-13,-0.043211288871549354,4.89441042308,7584.199577609749,1.61,-0.017503256318307098
2020-02-14,0.04173418884459776,5.10299699315,7590.447028780273,1.59,0.0008237456183204809
2020-02-15,-0.1076720470380277,4.58209339027,7353.726687874588,1.59,-0.031186613911950944
2020-02-16,-0.04172309638800648,4.39484766441,7445.000643583541,1.59,0.012411932015294136
2020-02-17,-0.02863563209760375,4.27078323289,7228.334419543773,1.59,-0.029102243829421493
2020-02-18,0.03733211027352259,4.43323403239,7556.604219740763,1.55,0.04541430724475383
2020-02-19,-0.06395794946537074,4.15857055291,7230.282850255582,1.56,-0.043183599404704016
2020-02-20,0.07255968714885036,4.47153202714,7224.324432711772,1.52,-0.0008240919016881522
2020-02-21,0.07800970947992189,4.83432153203,7253.602975289832,1.46,0.004052772387337276
2020-02-22,0.0345836696036531,5.00443472518,7239.824434437748,1.46,-0.001899544391803917
2020-02-23,-0.043347454418784584,4.79213968469,7409.66626318875,1.46,0.023459385001535913
2020-02-24,-0.08947671432779443,4.38197832864,7231.5714079684085,1.38,-0.024035475943784086
2020-02-25,-0.07636561104191006,4.05980395125,7052.882244241236,1.33,-0.024709589886684483
2020-02-26,-0.1018389893369939,3.66671327437,6729.012169281501,1.33,-0.04592024419862937
2020-02-27,0.005586677929395523,3.68725534804,6674.393874711331,1.30,-0.008116836943690984
2020-02-28,-0.041768073399057686,3.53641782075,6577.679233558031,1.13,-0.01449040062195646
2020-02-29,-0.016267573052325516,3.47935428652,6545.329685442141,1.13,-0.004918079305364834
2020-03-01,-0.03244591591665637,3.36827522542,6524.424734710435,1.13,-0.003193872843136187
2020-03-02,0.08980502210840138,3.684761615,6733.572159474476,1.10,0.03205607134240687
2020-03-03,-0.01504646291136443,3.6297340096,6680.778443016143,1.02,-0.007840372867178707
2020-03-04,0.030477769879165787,3.74206328534,6651.112253681941,1.02,-0.004440528837655679
2020-03-05,0.004960797292351294,3.76067302416,6915.827259750895,0.92,0.03980011101487756
2020-03-06,0.021953450060607647,3.84414567546,6899.239987902166,0.74,-0.002398450861441329
2020-03-07,-0.0598430710245833,3.6208482305,6751.931482174015,0.74,-0.021351410588188895
2020-03-08,-0.15376133593097052,3.1047927944,6229.733943777893,0.74,-0.07734046765355848
2020-03-09,-0.030464878353513466,3.01163193195,6055.462988044997,0.54,-0.027974060739295915
2020-03-10,0.020590399158925084,3.07428545249,6039.924057562755,0.76,-0.002566101140890423
2020-03-11,-0.032582705276350044,2.97573121635,6078.8200332098195,0.82,0.0064398120367692695
2020-03-12,-0.5901975772186969,1.6492031281,3847.432875919516,0.88,-0.36707570632125736
2020-03-13,0.09051493432307611,1.8054450977,4265.749648993673,0.94,0.1087262043458475
2020-03-14,0.016917434694588576,1.83624841917,3991.175136712385,0.94,-0.06436723550948711
2020-03-15,0.053418279997665324,1.93700480992,4146.443039648618,0.94,0.03890280371513087
2020-03-16,-0.1496738585946397,1.66773932043,3886.582129725557,0.73,-0.06267080180247264
2020-03-17,0.03812878398886624,1.73255603154,4060.1887970475054,1.02,0.044668210146432
2020-03-18,0.012950684837292326,1.75513974027,4069.2762265977694,1.18,0.0022381790612476487
2020-03-19,0.16231914736192415,2.06445779968,4813.855623471166,1.12,0.18297587959417605
2020-03-20,0.04662934095688409,2.16300177189,4856.5443389166,0.92,0.008867884453637282
2020-03-21,-0.0022745149081975055,2.15808758293,4838.900658997218,0.92,-0.0036329700066773155
2020-03-22,-0.11459123776088047,1.92443268167,4572.063755187342,0.92,-0.05514411694187847
2020-03-23,0.08407586686493797,2.09322738935,5049.777253897549,0.76,0.10448530998024802
2020-03-24,0.02244825424629727,2.14074807262,5318.701618520539,0.84,0.053254698395939715
2020-03-25,-0.028928814172018355,2.07970596434,5284.778702018945,0.88,-0.006378044668546402
2020-03-26,0.042709522664168276,2.17045330725,5280.262511511776,0.83,-0.0008545656803838851
2020-03-27,-0.06858951405598508,2.02657368882,5071.9582332108785,0.72,-0.039449606500957614
2020-03-28,-0.025856287832971607,1.97484564565,4871.847514654059,0.72,-0.039454330922227804
2020-03-29,-0.05842220142179253,1.86277635684,4619.105084609371,0.72,-0.05187814874838794
2020-03-30,0.058861304375311896,1.97571299662,5043.506004189857,0.70,0.09187946838329537
2020-03-31,-0.008404631888893723,1.95917744113,5041.533145607162,0.70,-0.0003911680844746124
2020-04-01,0.010172584105078554,1.97920905231,5190.774532670934,0.62,0.029602381409276353
2020-04-02,0.0030534790827738273,1.98526176196,5336.248357425941,0.63,0.028025456285837462
2020-04-03,-0.0023921349848600782,1.98051842346,5273.465043187633,0.62,-0.011765440817787146
2020-04-04,0.022817714401807958,2.02622884768,5382.530517475077,0.62,0.020681937472656207
2020-04-05,0.019720796507284696,2.06658430749,5318.534081538297,0.62,-0.011889655939526551
2020-04-06,0.14206737112930934,2.38205729153,5622.4762377738625,0.67,0.05714773123116951
2020-04-07,-0.014451603089516228,2.34788029602,5555.177564465249,0.75,-0.01196957896531005
2020-04-08,0.051519001243721545,2.47201083001,5647.595808215289,0.77,0.016636415790057053
2020-04-09,0.044659903272955645,2.58491292825,5624.018197253804,0.73,-0.0041748049545592665
2020-04-10,-0.11332910830950325,2.30795699538,5301.071440974258,0.73,-0.05742277939947641
2020-04-11,-0.0014886757222910864,2.30452375196,5292.648396124626,0.73,-0.0015889325287198636
2020-04-12,0.011945772044093993,2.33221815354,5380.264291775766,0.73,0.01655426340342084
2020-04-13,-0.03094397458139702,2.26115520956,5290.40572216748,0.76,-0.016701515898697148
2020-04-14,0.03705478137561804,2.34651352171,5287.603811627634,0.76,-0.0005296211079059231
2020-04-15,-0.030765592115729583,2.27542085527,5130.324042324443,0.63,-0.029744998851337304
2020-04-16,0.05995979536283662,2.41602788542,5473.310679019933,0.61,0.06685477054975443
2020-04-17,-0.012078638143954117,2.38702109278,5456.32530371954,0.65,-0.0031033091846038078
2020-04-18,0.04778202307696296,2.50384664391,5536.08169794122,0.65,0.01461723592017339
2020-04-19,-0.04143289959128216,2.40222479849,5507.242754260681,0.65,-0.005209269886906456
2020-04-20,-0.048697376510140805,2.28804543395,5273.333280177429,0.63,-0.04247306402142675
2020-04-21,-8.227371311888017e-05,2.2878571957,5267.143825760051,0.58,-0.001173727145341583
2020-04-22,0.03907470482654268,2.37902410084,5438.521093306351,0.63,0.032537039658599005
2020-04-23,0.010860154409794522,2.40500147374,5703.6539335571415,0.61,0.04875090777474636
2020-04-24,0.13642729750783192,2.75654425541,5787.834650895875,0.60,0.014759085722831215
2020-04-25,0.0447022188174385,2.88256358722,5781.269520275549,0.60,-0.0011342982335041608
2020-04-26,-0.029280623018951093,2.79938404666,5871.271446629184,0.60,0.015567848210153067
2020-04-27,-0.010449360766406627,2.77028457306,5974.387377141294,0.67,0.017562793927933782
2020-04-28,0.015692620024750626,2.81410049033,5948.158916511004,0.62,-0.004390150650532516
2020-04-29,0.04765637023726606,2.95145727275,6772.487065551116,0.63,0.1385854279635885
2020-04-30,-0.06821829492879787,2.75682800212,6716.859498197571,0.64,-0.00821375763661469
2020-05-01,0.03234148812191974,2.84744537407,6865.352733678817,0.64,0.022107539322668974
2020-05-02,0.010902601031275088,2.87865978488,6960.728621604209,0.64,0.01389235071018491
2020-05-03,-0.0359010434741144,2.77714602285,6910.123173425962,0.64,-0.007270136637877537
2020-05-04,-0.0013551833292657042,2.77338502985,6936.356507665477,0.64,0.0037963627537638805
2020-05-05,-0.02424896037693413,2.70694216706,7034.92978235145,0.66,0.0142111026988071
2020-05-06,-0.01252166305693555,2.67325807984,7305.190491026156,0.72,0.038416973166201386
2020-05-07,0.0203581076491427,2.72823830338,7906.923616568444,0.63,0.08237062760806428
2020-05-08,0.03377078342273824,2.82194644112,7791.91777535137,0.69,-0.014544954117943739
2020-05-09,-0.022628260464876863,2.75880775544,7566.603299351785,0.69,-0.02891643398911834
2020-05-10,-0.09122383962220326,2.51827658851,6923.795701526345,0.69,-0.08495325741214795
2020-05-11,-0.04861633027014213,2.398775608,6799.19472968891,0.73,-0.017996049740457563
2020-05-12,0.03474040565136988,2.48357449104,6960.428922002935,0.69,0.023713718862910384
2020-05-13,0.023369164361757525,2.5422970274,7351.717391261176,0.64,0.05621614323527117
2020-05-14,-0.009070558748971587,2.51934124115,7773.185796117204,0.63,0.05732924464112531
2020-05-15,-0.017329035610688194,2.47605958485,7428.354865343167,0.64,-0.04436159636712704
2020-05-16,0.03031233827024325,2.55226387075,7448.590232980073,0.64,0.0027240712114217107
2020-05-17,-0.004234234306093169,2.54147983469,7700.5219718848675,0.64,0.033822741085865915
2020-05-18,0.020282643496845384,2.59355408061,7707.808290192141,0.73,0.000946210962565398
2020-05-19,0.0036063626847092603,2.60292426325,7712.985169362826,0.70,0.0006716408836053673
2020-05-20,0.03599684521773697,2.69832814282,7534.203391250885,0.68,-0.023179323463772505
2020-05-21,-0.0681513142855444,2.520559903,7182.7990158422135,0.68,-0.04664121170616934
2020-05-22,0.05022104018143439,2.6503775479,7225.026238429232,0.66,0.005878936956732739
2020-05-23,-0.01777244127004946,2.60368997356,7248.7860410011035,0.66,0.0032885420464628234
2020-05-24,-0.0302900178371793,2.52600661237,6894.2670305339225,0.66,-0.0489073630345723
2020-05-25,0.03388034197526719,2.61305486596,6981.598417702633,0.66,0.012667247552485243
2020-05-26,-0.01335618330917136,2.57838646033,6934.948727137621,0.69,-0.006681806625646984
2020-05-27,0.010599442868953408,2.60586127193,7221.697302262089,0.68,0.041348333838774065
2020-05-28,0.020428517831992548,2.65964262168,7487.948612570995,0.70,0.03686824567203982
2020-05-29,0.007501946939798563,2.6796701483,7408.263494166112,0.65,-0.010641782219379154
2020-05-30,0.04826855494807472,2.81218641072,7533.142964846577,0.65,0.01685678037488896
2020-05-31,-0.02802989096939969,2.73445561431,7364.379523858868,0.65,-0.022402792801788574
2020-06-01,0.04162638234913878,2.85068339793,7934.236297601477,0.66,0.07738014749191109
2020-06-02,-0.03448400534208792,2.75405604071,7388.655009636187,0.68,-0.0687629240548608
2020-06-03,0.05310734601448231,2.90427007873,7462.835378737976,0.77,0.010039766236892027
2020-06-04,0.06899510807970159,3.11172490115,7588.446970186532,0.82,0.016831617619012546
2020-06-05,-0.0008640552730809875,3.1090373601,7476.507314191055,0.91,-0.014751326119199994
2020-06-06,-0.01663858534754977,3.05773535656,7463.41286284715,0.91,-0.0017514128982460768
2020-06-07,-0.010135347085929343,3.0269006715,7547.079015593134,0.91,0.011210173453283498
2020-06-08,0.039396734198768456,3.14853085728,7552.741129772111,0.88,0.000750239154417068
2020-06-09,-0.006142786888570424,3.12924938483,7583.030631380219,0.84,0.004010398488134372
2020-06-10,-0.004016973403068094,3.11670448641,7642.174377043253,0.75,0.007799486582354576
2020-06-11,-0.11745691088126653,2.77130763264,7245.020993224081,0.66,-0.051968636702690606
2020-06-12,0.03272373911605747,2.86349531709,7353.433641635782,0.71,0.014963745241469088
2020-06-13,0.005632152609703428,2.87966846177,7341.415733862447,0.71,-0.0016343259977608538
2020-06-14,-0.03827182948910596,2.77154060475,7286.278738484938,0.71,-0.007510403630077591
2020-06-15,-0.021199849910419715,2.71340279375,7361.462272355103,0.71,0.010318509155168286
2020-06-16,0.0037067677967706158,2.72347941215,7426.203001043171,0.75,0.008794547372903389
2020-06-17,-0.008222005257189241,2.7011787538,7365.359237975924,0.74,-0.008193118752436496
2020-06-18,-0.01712346752784301,2.65531896696,7311.2362953965585,0.71,-0.007348309950763367
2020-06-19,-0.02459814204095502,2.59079983244,7226.713437435551,0.70,-0.0115606792813175
2020-06-20,0.008985863555493714,2.61418531827,7253.432503363693,0.70,0.0036972637921040556
2020-06-21,-0.0026841125831910955,2.60717795904,7233.259260253427,0.70,-0.002781199535655886
2020-06-22,0.027965613688886223,2.68111836624,7487.270727097137,0.71,0.035117152269032635
2020-06-23,0.03381746030179208,2.77333750013,7460.09813150884,0.72,-0.003629172308402909
2020-06-24,-0.03277994215299621,2.68390151874,7212.238375048772,0.69,-0.033224731376279876
2020-06-25,-0.022397535924341894,2.62445692923,7180.071349144558,0.68,-0.0044600613889160855
2020-06-26,-0.0019266770201393426,2.61940531635,7100.042812497723,0.64,-0.011145924985323293
2020-06-27,-0.07047333892160834,2.4411615585,7040.563304371197,0.64,-0.008377344995980697
2020-06-28,0.02940789826248285,2.51401700146,7113.372284377292,0.64,0.010341357198065547
2020-06-29,0.0508556996092359,2.64517591728,7135.290471744956,0.64,0.003081265325561839
2020-06-30,-0.01899295175504291,2.59541031256,7096.142749531155,0.66,-0.005486493138411533
2020-07-01,0.02318415105684771,2.65628564201,7145.966646054452,0.69,0.007021264690114859
2020-07-02,0.009742699495575612,2.68229151278,7051.5412568798965,0.68,-0.01321380211404868
2020-07-03,0.003923244463715233,2.69283546784,7034.037995919928,0.68,-0.0024821893997842275
2020-07-04,0.029355205758098347,2.77305588997,7050.035141818575,0.68,0.0022742478655824174
2020-07-05,0.05342774536125978,2.92524332965,7004.78191126266,0.68,-0.006418865955360494
2020-07-06,0.03169241064471505,3.0194360559,7189.90370562455,0.69,0.026427916915477523
2020-07-07,0.0707545098859835,3.24081417682,7073.0250215458545,0.65,-0.016255945679392453
2020-07-08,0.09152284114572032,3.55141966267,7136.891714333919,0.67,0.009029614994081494
2020-07-09,0.06785395194409867,3.80076126844,7015.478244717123,0.62,-0.017012093566299426
2020-07-10,0.06622051520473715,4.06097013945,7038.775372716518,0.65,0.003320818223182264
2020-07-11,-0.029683122911307286,3.94219932845,6991.664177772623,0.65,-0.006693095382260165
2020-07-12,0.018522082426977927,4.01589748407,7004.231073996425,0.65,0.0017974113035568984
2020-07-13,-0.03552484558685408,3.87573766404,6998.655755717276,0.64,-0.0007959929106061755
2020-07-14,0.020288900120420453,3.95517524401,6979.627030831343,0.63,-0.0027189113952902095
2020-07-15,0.020321523610624517,4.03637266448,6934.662582244593,0.64,-0.0064422423129670454
2020-07-16,0.010240647622159812,4.07792010788,6907.504957113229,0.62,-0.003916214352072225
2020-07-17,0.01539217315117679,4.1411737167,6928.340841238132,0.64,0.003016412475165477
2020-07-18,0.05230408363061978,4.36353861765,6916.7414045819505,0.64,-0.0016742012152665498
2020-07-19,-0.04061512997130071,4.18986371757,6929.410351330463,0.64,0.0018316351598918585
2020-07-20,-0.07662503870512914,3.8808071838,6941.313667721986,0.62,0.001717796434041212
2020-07-21,0.029397969884021803,3.99658856686,7090.118971796493,0.61,0.021437628552426653
2020-07-22,0.004127904964358825,4.01312020168,7158.2124609488565,0.60,0.009603998102603116
2020-07-23,-0.014465278625550892,3.95548714387,7160.931822902967,0.59,0.0003798939985290531
2020-07-24,-0.03541548476259608,3.81785322064,7120.310162829681,0.59,-0.005672677952800055
2020-07-25,0.0225755907397508,3.90502377359,7121.226595373819,0.59,0.00012870682922241325
2020-07-26,-0.025938779218036584,3.80503462843,7312.819538156486,0.59,0.02690448621690143
2020-07-27,-0.05848982165391617,3.588862394,8269.228102900404,0.62,0.1307851998471472
2020-07-28,0.04404296266095515,3.75045900209,8181.389933927654,0.59,-0.010622293626407686
2020-07-29,-0.02977328218264675,3.64044144672,8340.84889241789,0.58,0.019490448417446758
2020-07-30,0.021466292463583198,3.71943302238,8287.317744659058,0.55,-0.006417949593535107
2020-07-31,0.019420149227460725,3.7923709067,8421.38558611298,0.55,0.016177470875944695
2020-08-01,0.06906218218704707,4.06353617967,8624.320231439553,0.55,0.02409753635568195
2020-08-02,-0.04318234485024885,3.89179787645,8062.229206951733,0.55,-0.06517511054827756
2020-08-03,-0.00954386259146866,3.85483177258,8140.599893319588,0.56,0.009720721695716436
2020-08-04,0.03950389161122932,4.01016047377,8095.39552927533,0.52,-0.005552952440440417
2020-08-05,0.03657936136531006,4.15956549408,8548.892559471591,0.55,0.05601913193200785
2020-08-06,0.003960537495334046,4.17607227547,8586.775432172613,0.55,0.004431319312704502
2020-08-07,-0.03797217261532854,4.02047069932,8493.087517500417,0.57,-0.01091072142415304
2020-08-08,0.09738935905632452,4.43172254231,8550.800917408633,0.57,0.006795337948572285
2020-08-09,0.17589213522949435,5.2839846383,8478.75126627434,0.57,-0.008426070473422807
2020-08-10,0.0349779819643884,5.47207814668,8631.725115654082,0.59,0.018042025833240605
2020-08-11,-0.10425782750483316,4.93030392341,8297.791847656557,0.64,-0.038686735678354685
2020-08-12,0.19239784937224894,5.97628109044,8378.477123939192,0.69,0.009723704542603304
2020-08-13,0.028604719444213635,6.1496994009,8413.979586792457,0.71,0.004237340787364108
2020-08-14,-0.009084435095987659,6.09408584716,8370.77396054805,0.71,-0.005134981110749071
2020-08-15,-0.0003358595947577105,6.09203943363,8428.93388276009,0.71,0.006947974283638701
2020-08-16,0.0210321524796679,6.22152504331,8427.040628650357,0.71,-0.00022461370987915798
2020-08-17,-0.04668103425576718,5.93777228155,8762.583675278463,0.69,0.039817423626429836
2020-08-18,-0.016791891778561517,5.83889831572,8577.947829234186,0.67,-0.02107093671073099
2020-08-19,-0.02962599684388841,5.66845241403,8463.238782297954,0.68,-0.013372551246499345
2020-08-20,0.1061805318900003,6.30344727039,8518.89001403096,0.65,0.006575642394659546
2020-08-21,-0.11246811254247703,5.6329233752,8408.010653459349,0.64,-0.0130157051433917
2020-08-22,0.13334916443278072,6.43645370432,8423.66105992896,0.64,0.0018613685346808937
2020-08-23,0.28092931312105984,8.52418173615,8417.399368882296,0.64,-0.0007433455598600334
2020-08-24,-0.04506000065639615,8.14860733799,8457.213518213031,0.65,0.004729982217301217
2020-08-25,0.03444424571833587,8.43416972981,8209.30543179557,0.69,-0.02931321124665692
2020-08-26,-0.08548698198360992,7.74311682887,8304.849309108075,0.69,0.011638484900616804
2020-08-27,-0.06072957138414864,7.28687457388,8213.012151424322,0.74,-0.011058256961150778
2020-08-28,0.039682462065289394,7.58184965952,8336.717545848325,0.74,0.01506212241541004
2020-08-29,-0.03689199231241609,7.30723677381,8259.759350789143,0.74,-0.009231234551961877
2020-08-30,0.043945730208575874,7.63551910235,8336.227199184552,0.74,0.009257878486266396
2020-08-31,-0.05707225816923036,7.21194491985,8296.108536102276,0.72,-0.004812568338612486
2020-09-01,0.00475143095249347,7.24629351604,8396.425107335748,0.68,0.012092003232229098
2020-09-02,-0.085255701734572,6.65410792637,7927.8095574402705,0.66,-0.05581131778166638
2020-09-03,-0.28948530736146705,4.98158986395,7158.907751535653,0.63,-0.09698792589978415
2020-09-04,0.10085636359283828,5.51022497957,7374.843195857947,0.72,0.030163182962648673
2020-09-05,-0.11160785013205207,4.92831726059,7321.888934453149,0.72,-0.007180391501007008
2020-09-06,0.05089008722439855,5.18561108245,7312.310732468789,0.72,-0.001308159966656936
2020-09-07,-0.025524015655474134,5.05492833291,7401.515890694132,0.72,0.012199311748233915
2020-09-08,-0.01973185410026803,4.95616284216,7252.863075269509,0.69,-0.020084104070022122
2020-09-09,0.07359287514747598,5.33465756374,7290.190477366621,0.71,0.0051465747677478454
2020-09-10,-0.0030197485964441506,5.31857253764,7344.015236755657,0.68,0.007383176002896187
2020-09-11,0.007889520103178926,5.36069948478,7350.385587658505,0.67,0.0008674207089012616
2020-09-12,0.04564281446933221,5.61104671267,7330.879470069379,0.67,-0.0026537543311846525
2020-09-13,-0.06048455937325742,5.28172486082,7312.927949916539,0.67,-0.0024487539627588927
2020-09-14,0.020427904107935907,5.39072900229,7586.43346771561,0.68,0.037400275193767374
2020-09-15,-0.09943497905100725,4.88049011202,7747.7467024318985,0.68,0.021263382247107752
2020-09-16,0.05169017791589267,5.13939735009,7912.9849045473675,0.69,0.02132725919700024
2020-09-17,-0.01328794620228714,5.07155704198,7803.172600024166,0.69,-0.013877481866557765
2020-09-18,-0.02054256083577734,4.96843707336,7810.836646583073,0.70,0.0009821705800642378
2020-09-19,-0.004846024163152795,4.94441815239,7950.830165475538,0.70,0.01792298638759859
2020-09-20,-0.05789503468325248,4.66628970248,7882.884787357856,0.70,-0.008545696072432442
2020-09-21,-0.13026090235697793,4.09637877279,7614.033867275891,0.68,-0.03410565133631458
2020-09-22,0.029662455512253095,4.21970749979,7664.069864425604,0.68,0.0065715490660950265
2020-09-23,-0.0922193252393555,3.84797289,7514.459076269336,0.68,-0.01952106267333464
2020-09-24,0.15283465536733784,4.48339756,7830.873698402025,0.67,0.04210743832938376
2020-09-25,0.06747371461984168,4.7963483,7717.119654198224,0.66,-0.014526354093415334
2020-09-26,-0.04084777792251292,4.60437565,7764.287531403967,0.66,0.006112109092423118
2020-09-27,0.027941960100780764,4.73484523,7772.054653423841,0.66,0.0010003650674268625
2020-09-28,0.025477350841533523,4.85702636,7728.010604255597,0.67,-0.005666976254321764
2020-09-29,0.07790748234433952,5.25055546,7827.237225085629,0.66,0.012839866029090373
2020-09-30,0.021812680634487436,5.36634237,7777.835074973677,0.69,-0.006311569292115196
2020-10-01,-0.04520111577523976,5.12917813,7662.508184353954,0.68,-0.014827633847727725
2020-10-02,-0.043994281251607946,4.90841538,7671.409627462561,0.70,0.001161687908768943
2020-10-03,0.02210716033457675,5.01813483,7643.493974820995,0.70,-0.0036389208759797344
2020-10-04,0.05593422775007798,5.30681872,7703.8032205376385,0.70,0.00789027189859929
2020-10-05,0.014104372498754762,5.38219841,7798.871813846747,0.78,0.01234047529351008
2020-10-06,-0.1285556802855028,4.73291474,7704.844057276186,0.76,-0.01205658444130554
2020-10-07,0.03192620279221826,4.8864567,7749.252253519435,0.81,0.005763672296691284
2020-10-08,0.03208638237786541,5.04578793,7922.494036982404,0.78,0.02235593548839365
2020-10-09,0.021809395491165486,5.1570423,7987.064964105798,0.79,0.008150328270614644
2020-10-10,0.06904673140064516,5.52570007,8170.641756156384,0.79,0.02298426178772649
2020-10-11,0.09555534171732256,6.07976042,8218.271518101314,0.79,0.005829378323806912
2020-10-12,-0.015696298366630015,5.98507573,8326.301978863046,0.79,0.013145155952050026
2020-10-13,0.00508502491264788,6.0155875,8241.265076859192,0.74,-0.01021304562574441
2020-10-14,-0.045333630610570504,5.74896815,8272.339124750355,0.73,0.0037705434300877435
2020-10-15,0.0019395757702962877,5.76012953,8344.048085357525,0.74,0.00866852283565364
2020-10-16,-0.06578107493233627,5.39341566,8229.807443426935,0.76,-0.013691273200002763
2020-10-17,0.01322030409201742,5.46519166,8250.70669168423,0.76,0.0025394577456350803
2020-10-18,0.05320080157942085,5.76381737,8330.519894627381,0.76,0.009673499001436254
2020-10-19,-0.045621225666974616,5.50677288,8563.778603545485,0.78,0.02800049839248801
2020-10-20,-0.08788576849461942,5.04346325,8797.544048716432,0.81,0.027296997738144074
2020-10-21,0.041196415258242074,5.25557498,9519.826894926617,0.83,0.08210050921149589
2020-10-22,0.0324741021781018,5.42904648,9549.812686893609,0.87,0.00314982533799773
2020-10-23,-0.010996961632668176,5.36967054,9529.809582139214,0.85,-0.0020946070263605393
2020-10-24,0.034049596851507734,5.55565402,9663.237141390515,0.85,0.014001072959670733
2020-10-25,-0.04729609747316947,5.29901023,9630.8654652677,0.85,-0.003349982583388923
2020-10-26,-0.0280924574717161,5.15221952,9723.419528384115,0.81,0.00961015014177049
2020-10-27,0.0009247172923354619,5.15698607,10217.354611876695,0.79,0.050798495534488716
2020-10-28,-0.0700883547347561,4.80791712,9958.00894053843,0.79,-0.025382858987472275
2020-10-29,-0.037757507007104806,4.62976658,10145.51850302014,0.85,0.01883002552029953
2020-10-30,-0.0010811246409236806,4.62476393,10278.914469844232,0.88,0.013148265096986774
2020-10-31,-0.0010023024605765503,4.62013084,10476.858516668626,0.88,0.01925729097222398
2020-11-01,0.024686359765114758,4.7356045,10391.508591576843,0.88,-0.008146518821075205
2020-11-02,-0.026845842965845662,4.61016451,10304.421007311947,0.87,-0.008380648824703671
2020-11-03,-0.02931621919694704,4.47697378,10668.501409493821,0.90,0.03533244632799125
2020-11-04,-0.0206415279663606,4.38550943,10797.885770057239,0.78,0.012127697752214686
2020-11-05,0.028829081023171377,4.51377971,12070.863789973291,0.79,0.11789141384010995
2020-11-06,0.07618199752993093,4.87108582,11836.877135751092,0.83,-0.01938441674874675
2020-11-07,-0.05341529186439621,4.61772233,11270.289183280163,0.83,-0.04786633720811844
2020-11-08,0.03941123532651785,4.80334628,11768.773370380386,0.83,0.04422993758134796
2020-11-09,0.06648712968450504,5.13356293,11682.23463092582,0.96,-0.0073532505666535596
2020-11-10,-0.010787680266350422,5.07848133,11605.88438574334,0.98,-0.006535585664437906
2020-11-11,-0.008823645068143846,5.03386773,11944.678380587076,0.98,0.029191570722513
2020-11-12,0.0002785342782054199,5.03527003,12501.877695169795,0.88,0.04664833131784433
2020-11-13,0.034297928972439023,5.21096513,12439.176385562807,0.89,-0.00501535138447346
2020-11-14,-0.031886150877804234,5.04742864,12261.616499820362,0.89,-0.014274247766799482
2020-11-15,-0.013420817875145711,4.98014056,12216.374844695232,0.89,-0.003689697449418086
2020-11-16,0.02388873618817356,5.10054222,12827.53131691985,0.91,0.050027645680011494
2020-11-17,0.035804860150489344,5.28647521,13560.847284254107,0.87,0.057167349602724654
2020-11-18,-0.035780243462859976,5.10066778,13741.953445665176,0.88,0.013355077128650885
2020-11-19,-0.0019689580012822797,5.09063466,13755.830494549191,0.86,0.001009830875856447
2020-11-20,0.03467286441057047,5.27023722,14296.460595105333,0.83,0.03930188735390196
2020-11-21,0.1113940907168102,5.89125746,13908.557224291271,0.83,-0.027132825515349412
2020-11-22,-0.07542837503718,5.46323492,13685.366409187225,0.83,-0.016047014187369753
2020-11-23,0.05995703790946074,5.80081328,13219.816952431314,0.86,-0.034018048390971785
2020-11-24,0.025454114493633172,5.9503631,13740.551047707224,0.88,0.039390416459596976
2020-11-25,-0.004494046456441694,5.92368189,13624.902533299954,0.88,-0.008416584895739512
2020-11-26,-0.10579923942046553,5.32897524,12586.35486866389,0.88,-0.0762242270796287
2020-11-27,0.005796310926498691,5.35995333,12492.355797602828,0.84,-0.007468331541730982
2020-11-28,0.013856457547512236,5.43474024,12859.063995695542,0.84,0.029354607252147124
2020-11-29,-0.0017529863571978008,5.42522156,13171.611003817297,0.84,0.024305579957170892
2020-11-30,0.02359998558830089,5.55477948,14253.857358648289,0.84,0.08216507111524497
2020-12-01,-0.052764130409967594,5.26928455,13708.537842121726,0.92,-0.03825768020582155
2020-12-02,0.042796085357365676,5.49968424,13978.369410758201,0.95,0.019683468196540498
2020-12-03,0.0007722987832811648,5.50393328,14133.467526415532,0.92,0.011095579970719777
2020-12-04,-0.08157542474730785,5.07277271,13769.259591141275,0.97,-0.025769184709523683
2020-12-05,0.03579984802938868,5.25766705,14019.41798793933,0.97,0.01816789022984209
2020-12-06,-0.009496880879430243,5.20797196,14133.697776698935,0.97,0.008151535881012844
2020-12-07,-0.02176617884154166,5.09583909,14054.175341200138,0.94,-0.005626442333435123
2020-12-08,-0.07369273536616905,4.73381583,13507.151832127696,0.92,-0.03892249070415607
2020-12-09,0.015001591031458044,4.80536594,13602.865619463744,0.95,0.007086156173086475
2020-12-10,-0.03079384257714552,4.65964542,13426.54858949016,0.92,-0.01296175636119646
2020-12-11,0.010780707386951433,4.71015145,13337.245988731363,0.90,-0.006651195589363819
2020-12-12,0.0734768058861346,5.06927023,13956.160225611999,0.90,0.04640495027260918
2020-12-13,0.02344709644138632,5.18953431,14147.88718888867,0.90,0.013737801814916005
2020-12-14,0.006584263817069726,5.22381631,14272.576690211696,0.90,0.008813294851612431
2020-12-15,0.014175664902905881,5.29839473,14456.645888478659,0.92,0.01289670409640889
2020-12-16,0.03330530240929773,5.47783087,15853.095115826884,0.92,0.09659565836506628
2020-12-17,-0.021762541920364555,5.35990716,17199.818336550914,0.94,0.08495017603089594
2020-12-18,-0.005583939377439255,5.33006117,17435.724992273488,0.95,0.01371564810200668
2020-12-19,-0.0070382415566385805,5.29267862,18091.877349244503,0.95,0.03763263972457608
2020-12-20,-0.051741314181110575,5.02579253,17855.814582418414,0.95,-0.013047997301172684
2020-12-21,0.003407232578015074,5.04294578,17448.721514198256,0.95,-0.02279890768024657
2020-12-22,-0.018524642217397004,4.95038697,18349.81362774357,0.93,0.051642300142854765
2020-12-23,-0.12294267443929827,4.37769826,18469.639082773218,0.96,0.00653006387206465
2020-12-24,0.12266493030908358,4.94901222,18593.48078966346,0.94,0.006705150346210605
2020-12-25,-0.0069277901991276905,4.91484499,19419.23959231902,0.94,0.04441120046304717
2020-12-26,-0.025983042273251638,4.78878714,21122.36438265646,0.94,0.08770295985281955
2020-12-27,0.007970627205830265,4.8271093,20807.35686879412,0.94,-0.014913458936490646
2020-12-28,0.1040253732152734,5.35629858,21369.45749865822,0.94,0.027014513828381163
2020-12-29,0.04934840406015379,5.62725399,21657.236591477405,0.94,0.01346684130082646
2020-12-30,-0.03454836093138296,5.43616156,23046.257065918533,0.93,0.06413655170520405
2020-12-31,0.17768277668895335,6.49320336,23170.61056129895,0.93,0.005395821760762752
2021-01-01,-0.10114742512573256,5.86855577,23555.243422071697,0.93,0.01660003130928224
2021-01-02,-0.08050706754232573,5.41461349,25982.07071893055,0.93,0.10302705233709755
2021-01-03,0.07114975271230554,5.81389797,25730.238133265524,0.93,-0.009692552544764683
2021-01-04,0.03096973464308895,5.99676998,24700.530927264488,0.93,-0.04001934224890719
2021-01-05,0.03603688936620565,6.21681599,26327.49286050957,0.96,0.06586748835626195
2021-01-06,0.07193300612281708,6.68048696,28312.957447579403,1.04,0.0754141154871594
2021-01-07,-0.06261424748470816,6.27501977,30613.656005900066,1.08,0.08125956331408817
2021-01-08,-0.052942591755649235,5.95144498,31992.056539181645,1.13,0.04502567524166095
2021-01-09,0.09421079625149,6.53939622,31147.249761713552,1.13,-0.02640676683080478
2021-01-10,-0.01686382442832976,6.43004165,29525.37462552648,1.13,-0.05207121490966091
2021-01-11,-0.11676977988471339,5.72138687,27745.347103496188,1.15,-0.06028805881742655
2021-01-12,-0.0037947007813142345,5.69971706,26347.81826398747,1.15,-0.05036984523190977
2021-01-13,0.0877871779531308,6.22269886,29010.888179555786,1.10,0.10107364066679614
2021-01-14,0.034219330903390736,6.43932064,30354.9834937927,1.15,0.04633071920852494
2021-01-15,0.2093311053805475,7.93873664,28333.14549202909,1.11,-0.06660646025971512
2021-01-16,0.12869473331273798,9.02906558,27314.886291761573,1.11,-0.03593879827264433
2021-01-17,-0.05960452193945742,8.50661725,26927.041145289306,1.11,-0.014199039393008393
2021-01-18,0.10981650425049129,9.49400802,27599.828048255935,1.11,0.02498554888881017
2021-01-19,-0.05594965785170319,8.97740807,26728.078998461697,1.10,-0.031585307280540285
2021-01-20,-0.008304668676798015,8.90316239,26182.421091913217,1.10,-0.020415156157682898
2021-01-21,-0.21877409173378015,7.15371961,22931.78496207285,1.12,-0.1241533820890372
2021-01-22,0.11351595380678602,8.01366653,24427.168975770182,1.10,0.06521010100916991
2021-01-23,0.036443986638230015,8.31110346,23490.796230977074,1.10,-0.038333248757640166
2021-01-24,-0.008524692246954964,8.24055499,23194.578871910388,1.10,-0.012609932679764485
2021-01-25,-0.06023445549044626,7.75884311,23528.80065491074,1.05,0.014409478389155425
2021-01-26,-0.005020204297894382,7.71998974,23602.983402170074,1.05,0.0031528486448309224
2021-01-27,-0.09949239570935403,6.98888227,22104.913037031398,1.04,-0.06346953432170536
2021-01-28,0.151182185390138,8.12952767,24382.471337421895,1.07,0.10303403123889261
2021-01-29,-0.018201031901899128,7.98290031,24929.55951278419,1.11,0.022437765548508303
2021-01-30,0.008288613307596933,8.04934246,24701.10857884349,1.11,-0.009163857621453313
2021-01-31,0.010877371818891073,8.13737607,23796.192472362916,1.11,-0.03663463538861713
2021-02-01,0.12397562841226886,9.21141436,24074.041324423142,1.09,0.011676189473711886
2021-02-02,-0.03388226297467306,8.90453897,25401.0239332084,1.12,0.055120891042046635
2021-02-03,0.04150405726499971,9.2818901,26556.792746851013,1.15,0.0455008749521945
2021-02-04,-0.010319956462303775,9.18659397,26154.46549246944,1.15,-0.015149692894646663
2021-02-05,0.28038922761537405,12.15978836,26713.16230072189,1.19,0.02136143093474093
2021-02-06,-0.01182810788363652,12.01680833,27779.685674518707,1.19,0.03992501381118753
2021-02-07,0.14678343753000897,13.91670339,27546.861420413014,1.19,-0.008381097498135287
2021-02-08,0.022749641738973935,14.23693214,33589.00981039266,1.19,0.2193407189939337
2021-02-09,0.057954780738323594,15.08640827,33676.20690398403,1.18,0.0025960007181989376
2021-02-10,-0.005581719974572557,15.00243474,32009.75597487166,1.15,-0.04948451985295354
2021-02-11,0.16958495951255428,17.77507977,34435.41381453678,1.16,0.07577870451650169
2021-02-12,0.17603405620172072,21.19640347,33571.250578379455,1.20,-0.025095189528186387
2021-02-13,-0.045693894634560556,20.24965234,33147.789998660046,1.20,-0.012613786273190727
2021-02-14,-0.05098511841929929,19.24309907,34904.67281951757,1.20,0.05300150691580166
2021-02-15,0.15460302489641192,22.46043982,34361.11804622745,1.20,-0.015572550302954836
2021-02-16,0.11456098385811081,25.18671103,35482.430289240416,1.30,0.03263317105992936
2021-02-17,-0.053919772016501735,23.86461322,37812.659591350544,1.29,0.0656727648899726
2021-02-18,-0.03092812927564702,23.13782245,37057.41820128988,1.29,-0.019973241719115156
2021-02-19,-0.011670044960744017,22.86937248,40616.229707666294,1.34,0.09603506339933143
2021-02-20,-0.04987591536304181,21.75671953,40722.47488153494,1.34,0.00261583053457543
2021-02-21,-0.007626359508141617,21.59142606,41928.298145111985,1.34,0.029610755905305052
2021-02-22,-0.013297485661160211,21.30621488,39378.03380935694,1.37,-0.06082441807985375
2021-02-23,-0.05684018678548805,20.12894083,35767.65028791121,1.37,-0.09168521564395213
2021-02-24,-0.0317644564109538,19.49960415,36233.86663742352,1.38,0.0130345814097238
2021-02-25,-0.093254216914929,17.76339623,34549.60461338004,1.54,-0.04648308834652266
2021-02-26,0.057551506003255995,18.81569674,33789.76769198877,1.44,-0.02199263724995022
2021-02-27,0.018692964173634655,19.17072582,33392.8194591723,1.44,-0.011747586915508135
2021-02-28,-0.08419290350223534,17.6227647,32685.658824796188,1.44,-0.02117702685275562
2021-03-01,0.05453361107526442,18.6104849,36084.09474285225,1.45,0.10397330328486201
2021-03-02,0.011307811904168076,18.82212309,35176.89296324511,1.42,-0.02514132018752782
2021-03-03,0.13010852186704325,21.43749432,36810.89667501628,1.47,0.04645105278281605
2021-03-04,-0.12516866199110618,18.91533177,35255.05914808206,1.54,-0.0422656785752838
2021-03-05,-0.011855123843746797,18.69241215,35486.25844076391,1.56,0.00655790397941871
2021-03-06,0.012831511199322479,18.93380948,35132.18240744922,1.56,-0.00997783505143936
2021-03-07,0.029140052995756147,19.4936591,36854.514121165885,1.56,0.04902433027762813
2021-03-08,-0.007126250809962042,19.3552362,37425.12774506312,1.59,0.01548286926321255
2021-03-09,0.0879475622224007,21.13457975,39463.419671839336,1.55,0.05446319223439652
2021-03-10,-0.07340462808977333,19.63877487,40988.696376531174,1.53,0.03865039363986641
2021-03-11,-0.017948193136689945,19.2894387,42584.204404799246,1.54,0.03892556166244919
2021-03-12,-0.03693564867767722,18.58996799,42512.965118675034,1.64,-0.0016729040056031393
2021-03-13,0.041772249223677116,19.38295999,45412.88058664701,1.64,0.06821249611446419
2021-03-14,-0.043724844046213095,18.55370473,44050.38463696247,1.64,-0.0300024119167009
2021-03-15,0.07683945533059873,20.03556492,41251.54939138198,1.62,-0.06353713522928021
2021-03-16,0.04844149159346117,21.0300093,41725.70916210229,1.62,0.011494350581153431
2021-03-17,-0.005672602692051375,20.91105213,43341.18363750323,1.63,0.03871652532315028
2021-03-18,0.061414864785080264,22.23555744,42713.91029033484,1.71,-0.014472916854665882
2021-03-19,0.0025350164243902384,22.29199645,42839.22977194714,1.74,0.002933926694149012
2021-03-20,-0.06420554091044586,20.9057067,42878.43249834357,1.74,0.0009151127740887921
2021-03-21,-0.01924313051229636,20.50726142,42281.13340024905,1.74,-0.013930059083143938
2021-03-22,-0.058923986072963,19.33380374,39950.8264822097,1.69,-0.05511458020720003
2021-03-23,-0.02891017386287334,18.78286239,40222.77207283479,1.63,0.00680700787870293
2021-03-24,-0.06556800305923287,17.59081474,39084.964358813544,1.62,-0.02828765038771875
2021-03-25,-0.021853189082453005,17.21056926,38079.119084394435,1.63,-0.025734839238564993
2021-03-26,0.09716207569676691,18.96671807,40486.383937191604,1.67,0.06321745120894125
2021-03-27,-0.013861520377235656,18.70562428,41310.37336918086,1.67,0.02035226048509416
2021-03-28,0.03172095159558767,19.30849576,41336.64620439862,1.67,0.000635986389737131
2021-03-29,0.04893433023232337,20.27684357,42417.982550024884,1.73,0.026159266532639076
2021-03-30,-0.014858408157533837,19.97778919,43399.779919257606,1.73,0.023145781817295444
2021-03-31,-0.04440299246124876,19.11012164,43047.27998979019,1.74,-0.008122159377840514
2021-04-01,0.027565941294722278,19.64423802,42917.167156679505,1.69,-0.0030225564342636303
2021-04-02,0.03837272158041439,20.41269041,42442.340087484175,1.72,-0.011063802684409674
2021-04-03,-0.007094658387864505,20.26838186,41287.29684175259,1.72,-0.027214410029012384
2021-04-04,0.0699874295112435,21.73773211,41809.25126716215,1.72,0.012642010142008697
2021-04-05,-0.012732559846527476,21.46270972,41518.03264757092,1.73,-0.006965411021841431
2021-04-06,0.01437592910850748,21.7734846,40448.96283119973,1.67,-0.025749529739187697
2021-04-07,-0.10602868377354208,19.583047,39569.048312784595,1.68,-0.021753697915251002
2021-04-08,0.04668707682630857,20.51900069,40890.237036749444,1.64,0.03338944908457601
2021-04-09,0.042020251574313744,21.3995859,40981.51862107509,1.67,0.0022323564484013343
2021-04-10,-0.016192412527438797,21.05586532,41594.58413486311,1.67,0.014959560660905879
2021-04-11,0.10324240131785956,23.34590421,41776.3808801688,1.67,0.004370683084996062
2021-04-12,-0.05727998468642622,22.04622919,41359.75549139656,1.69,-0.009972749673249293
2021-04-13,0.07930858233362431,23.86588797,43443.33176447485,1.64,0.05037690016111701
2021-04-14,0.12713102319236838,27.10128601,42488.43672340692,1.64,-0.02198024420053305
2021-04-15,0.03170231159398777,27.97422338,42185.21913602988,1.56,-0.007136473138584467
2021-04-16,-0.08958097205014941,25.57723046,40629.142201873176,1.59,-0.03688678086841275
2021-04-17,-0.037024775075536004,24.64755595,40371.11681376335,1.59,-0.006350746634713077
2021-04-18,-0.14233202180978496,21.37764444,37147.110526414115,1.59,-0.07985922961264487
2021-04-19,-0.10298500680485431,19.28563883,36985.40896701097,1.61,-0.004353005041621379
2021-04-20,0.09700108814848868,21.25010433,37291.71552863724,1.58,0.008281821674582128
2021-04-21,-0.07904063190034043,19.63514697,35251.708070836525,1.57,-0.05470403892344792
2021-04-22,-0.04493745164941737,18.7723252,33713.38417387039,1.57,-0.04363827970760873
2021-04-23,0.08694706589301834,20.47758324,33304.72672869288,1.58,-0.012121519544580137
2021-04-24,-0.1072947423300038,18.39421191,33040.2924765937,1.58,-0.007939841520193829
2021-04-25,0.01384609077202383,18.65067122,31884.913027822415,1.58,-0.034968802094889874
2021-04-26,0.16852874259425663,22.0742303,34914.21818486524,1.58,0.09500747749882485
2021-04-27,0.043184272946066436,23.04837231,35283.805174733796,1.63,0.010585572557049725
2021-04-28,-0.003975824517256335,22.95691795,34798.392660675156,1.63,-0.013757374287006801
2021-04-29,-0.036909901570265954,22.12502731,33749.487026870964,1.65,-0.03014235870122632
2021-04-30,0.026876571933256363,22.72773528,36878.15995012846,1.65,0.09270282895756253
2021-05-01,0.046925193011481875,23.81965762,36284.29042965797,1.65,-0.016103556177249477
2021-05-02,-0.03079700954400491,23.09726427,35448.45340742941,1.65,-0.023035782492396895
2021-05-03,-0.005635093798975449,22.96747505,34764.94363799446,1.63,-0.019281793808575608
2021-05-04,-0.08754501904513837,21.04228675,31953.49438861113,1.61,-0.0808702375202677
2021-05-05,0.16280472056502224,24.76270742,33893.729223599024,1.59,0.06072058383947625
2021-05-06,0.030643719815119885,25.53327512,33147.91506847841,1.58,-0.022004487915756675
2021-05-07,0.11855949343422419,28.74724687,34036.69774903126,1.60,0.02681262693948502
2021-05-08,0.023647522558265834,29.43514958,34670.7323331891,1.60,0.018627969987949
2021-05-09,-0.022524348893838118,28.77955316,34172.649538575584,1.60,-0.01436608808336939
2021-05-10,-0.12742753914115584,25.33628698,32926.08698001175,1.63,-0.03647837014091223
2021-05-11,0.06011043925597009,26.90596678,32791.0652044875,1.64,-0.004100753776366297
2021-05-12,-0.17094353659872902,22.67820971,28275.346040979715,1.69,-0.1377118777736383
2021-05-13,0.03763692864058279,23.54801357,28140.287138274412,1.66,-0.004776560559490972
2021-05-14,0.09010190767623796,25.76825673,27351.738632078246,1.63,-0.02802204904027574
2021-05-15,-0.04722140488458402,24.57972633,25695.75284067724,1.63,-0.060544077788856114
2021-05-16,-0.010468591155952537,24.3237534,25450.071262328296,1.63,-0.009561174559556844
2021-05-17,-0.1417517873025359,21.10904437,23965.439560085368,1.64,-0.05833507053634502
2021-05-18,0.07810064134898508,22.82376307,23193.152200752866,1.64,-0.03222504462712851
2021-05-19,-0.4932297798279847,13.93735232,21704.491399159953,1.68,-0.06418535905372058
2021-05-20,0.1985485212064005,16.99842979,23302.79410026146,1.63,0.07363926072754544
2021-05-21,-0.22584418960119254,13.56206809,21780.578479436834,1.63,-0.06532330905363608
2021-05-22,-0.10274359112300353,12.23784493,22543.110659228118,1.63,0.035009730366491174
2021-05-23,-0.041660588741333174,11.73848318,21125.5727132431,1.63,-0.06288120425850564
2021-05-24,0.20730915357472396,14.44259402,22577.22410057927,1.61,0.06871536251541092
2021-05-25,-0.037517818217112225,13.91077807,22311.152824046225,1.56,-0.011784941999411684
2021-05-26,0.09282895588635669,15.26393561,22338.944500270958,1.58,0.001245640529824182
2021-05-27,-0.05691043558105957,14.41951447,22134.827853233506,1.61,-0.009137255658385118
2021-05-28,-0.12555774198741543,12.71808147,20794.622335981305,1.58,-0.06054736572330835
2021-05-29,-0.05244058719529131,12.06832355,20410.86166961062,1.58,-0.018454803370324194
2021-05-30,0.042226361208518255,12.5888373,20847.185843195533,1.58,0.021377057992340943
2021-05-31,0.10582685585907181,13.9941215,21217.81752197313,1.58,0.017778499293158598
2021-06-01,-0.01705917248773068,13.75741809,20809.262202979073,1.62,-0.019255294215390403
2021-06-02,0.0766097650733239,14.85279319,21175.68231764935,1.59,0.017608510628397925
2021-06-03,0.11345893594504682,16.63729525,22138.81970059771,1.63,0.04548318058897264
2021-06-04,-0.09796412000849633,15.08472673,20888.60598826843,1.56,-0.056471561232124955
2021-06-05,-0.01408163448165442,14.87379772,20045.96628093855,1.56,-0.04033968125030111
2021-06-06,0.015019699264506978,15.09888382,20103.46756807614,1.56,0.0028684717080595273
2021-06-07,-0.1182882370904198,13.41445135,18856.750046901576,1.57,-0.062015048744840574
2021-06-08,0.01600428691767484,13.63086725,18853.38466057382,1.53,-0.00017847117448041236
2021-06-09,0.022363469285420226,13.93913485,21604.37130729963,1.50,0.1459147360674536
2021-06-10,-0.08461777793555769,12.80816122,21522.82772492133,1.45,-0.0037744020049657987
2021-06-11,-0.0704273228186859,11.93714826,22442.986432631802,1.47,0.04275268656474059
2021-06-12,-0.02704242141225859,11.61866456,20977.679458076742,1.47,-0.06529019562318691
2021-06-13,0.07312761260919234,12.50014734,23399.482435289392,1.47,0.11544665757966939
2021-06-14,0.00883534056626435,12.61107974,24211.50853775705,1.51,0.03470273775128547
2021-06-15,0.05771145424339934,13.3602947,24141.497830545093,1.51,-0.0028916292887234928
2021-06-16,0.0015814504628659006,13.38144006,23183.663768898106,1.57,-0.03967583405015926
2021-06-17,0.016228168605942075,13.60036792,22918.84712818769,1.52,-0.011422553542450921
2021-06-18,-0.09002140550049222,12.42953431,21534.710583707216,1.45,-0.0603929393454584
2021-06-19,-0.04005084539116446,11.94155811,21597.24927856016,1.45,0.0029040880122280623
2021-06-20,0.005999068770569986,12.01341165,21494.40381346955,1.45,-0.0047619705530141535
2021-06-21,-0.22966303389774895,9.54827614,19764.478228855114,1.50,-0.08048260373383198
2021-06-22,-0.06210703095286479,8.97330087,20578.554039525556,1.48,0.04118883388896819
2021-06-23,0.11803347288251848,10.09749195,20998.353665484152,1.50,0.020399860221096213
2021-06-24,0.0237117695846922,10.33978257,21542.197362357503,1.49,0.025899349326956488
2021-06-25,-0.12321702070706558,9.14110998,19670.25365302071,1.54,-0.08689660009372105
2021-06-26,0.043090887989764265,9.54361847,20065.739378163333,1.54,0.020105776576088443
2021-06-27,0.051668452282471126,10.04968369,21635.79318866035,1.54,0.07824549999914976
2021-06-28,0.0765116819737165,10.84878229,21242.201890928387,1.49,-0.018191674060660332
2021-06-29,0.0652017210201058,11.57971156,22125.544633567766,1.49,0.04158433043688452
2021-06-30,0.03594501100964096,12.00351561,21213.59785040572,1.45,-0.041216919098049504
2021-07-01,-0.07731895514129619,11.11038903,20473.137520133267,1.48,-0.03490498573104099
2021-07-02,0.05724201447852471,11.76492484,20627.892380607384,1.44,0.007558922530654184
2021-07-03,0.004494979629150061,11.81792697,21063.074621484066,1.44,0.021096786469848174
2021-07-04,0.037013694536205,12.26354828,21310.428867775554,1.44,0.01174350139932516
2021-07-05,0.09964269731573887,13.54847514,20411.378687911085,1.44,-0.04218827248587018
2021-07-06,-0.029139849440488773,13.15937136,20498.09003305389,1.37,0.004248186585953691
