Date,CryptocomCoin Return,CryptocomCoin Price,Famala Index,US Treasury Yield,Famala Index Return
2018-12-16,-0.1195307664905428,0.0153006720049,2148.9312825309744,2.89,0.0022162580106187234
2018-12-17,-0.057337684041246784,0.0144480443353,2309.7163802349023,2.86,0.07482095821815112
2018-12-18,0.11812671497890909,0.0162596370181,2390.77213958053,2.82,0.035093382044328894
2018-12-19,0.2457974687142965,0.0207902317496,2434.6676006623857,2.77,0.018360370005632207
2018-12-20,0.4451202555571268,0.0324468544943,2682.286015809196,2.79,0.1017052245979872
2018-12-21,0.011308591661176573,0.0328158652861,2516.688744727367,2.79,-0.061737365107900885
2018-12-22,0.0568998307194406,0.034737226681,2592.8021021202485,2.79,0.030243452851427915
2018-12-23,-0.13332611437765796,0.0304013134337,2529.7345181254227,2.79,-0.02432410246167752
2018-12-24,-0.02651816107570067,0.0296057219408,2541.5086284490153,2.74,0.004654286937712901
2018-12-25,-0.20868822029590764,0.0240294324521,2383.7461325019735,2.74,-0.062074349927868686
2018-12-26,-0.013352834394802306,0.023710704119,2416.02736007454,2.81,0.01354222546286174
2018-12-27,-0.15470993610150277,0.0203120978282,2333.5389533114926,2.77,-0.03414216582402543
2018-12-28,-0.043073689747860786,0.0194557561232,2457.025180068068,2.72,0.05291800532463272
2018-12-29,0.025393384886438095,0.0199561298303,2382.959143353136,2.72,-0.030144598157060908
2018-12-30,0.03334535613118807,0.0206327931786,2412.9570986578715,2.72,0.01258853110780763
2018-12-31,-0.012387515043765649,0.0203787806827,2347.737989833231,2.69,-0.027028706337512774
2019-01-01,0.05199473472228791,0.0214664002063,2398.177501697483,2.69,0.021484301946246925
2019-01-02,-0.001176512528048907,0.0214411595684,2431.712196478418,2.66,0.013983408132716717
2019-01-03,-0.0007932654389384106,0.0214241577819,2378.056811585225,2.56,-0.022064858238937904
2019-01-04,0.0062800740764065175,0.0215591264428,2382.9636892381095,2.67,0.002063397993260453
2019-01-05,-0.14695472015091088,0.0186127067779,2368.968222057591,2.67,-0.005873134888174986
2019-01-06,-0.05733548555069372,0.0175755551033,2531.095843178591,2.67,0.0684380734242955
2019-01-07,0.2504126262747561,0.0225767733132,2507.8180876382685,2.70,-0.009196710430012838
2019-01-08,-0.14317983152121616,0.0195649914132,2507.5395121522397,2.73,-0.00011108281234670136
2019-01-09,0.0025446447536558044,0.0196148407635,2498.355479505985,2.74,-0.0036625674697233546
2019-01-10,-0.10282900359243852,0.0176981029866,2311.425639444727,2.74,-0.07482115399295407
2019-01-11,-0.005776544765109305,0.017596163814,2324.1301593161706,2.71,0.00549639999428907
2019-01-12,-0.019453908712696845,0.0172571578366,2312.397199761609,2.71,-0.0050483229209562835
2019-01-13,-0.041155542105936936,0.0165613466046,2264.1561896915186,2.71,-0.02086190472599763
2019-01-14,-0.03696693522964094,0.0159603022071,2333.119642795877,2.71,0.03045878787794866
2019-01-15,-0.03651202570563683,0.0153880695005,2297.1949943499535,2.72,-0.015397688051210933
2019-01-16,-0.015368486846673647,0.01515338614,2308.047209512994,2.73,0.0047241157976279455
2019-01-17,0.009820589122569593,0.0153029344434,2325.2555504179604,2.75,0.007455801091953177
2019-01-18,-0.026531710374758568,0.0149022602089,2321.988115039012,2.79,-0.0014051940993587276
2019-01-19,0.0002594770075377865,0.0149061275045,2365.058008206582,2.79,0.018548713875241582
2019-01-20,-0.03772616551011519,0.0143542519983,2285.8480638667115,2.79,-0.0334917554093886
2019-01-21,-0.037236613143164274,0.0138295774446,2267.9563640752167,2.79,-0.007827160551182679
2019-01-22,-0.023920243882094214,0.0135026957108,2284.805825272074,2.74,0.007429358634828823
2019-01-23,-0.013423384470405945,0.0133226549167,2275.694163675262,2.76,-0.003987936959906292
2019-01-24,-0.021530147369880594,0.0130388819912,2286.3729273934405,2.72,0.0046925302567599895
2019-01-25,0.035852155074708576,0.0135148350004,2288.2842912679184,2.76,0.0008359808024218473
2019-01-26,0.01725470376964148,0.013750052947,2291.2715381623166,2.76,0.0013054526947536456
2019-01-27,-0.004219666388746664,0.0136921545526,2291.3694875752576,2.76,4.274893276926623e-05
2019-01-28,-0.10624817957714693,0.0123120053224,2239.4973394145068,2.75,-0.022638054858469068
2019-01-29,0.04765834107348695,0.0129129821031,2228.482454848809,2.72,-0.0049184628942570705
2019-01-30,0.015623571440695717,0.0131163132448,2219.835027036677,2.70,-0.0038804109914874546
2019-01-31,-0.012166788051052504,0.012957696725,2217.413276637036,2.63,-0.0010909596299477748
2019-02-01,-0.02575304034327442,0.0126282568846,2239.4485386065694,2.70,0.009937372614162684
2019-02-02,-0.0024639274053948872,0.0125971800776,2255.7971093020055,2.70,0.00730026629931338
2019-02-03,0.01670641821914082,0.0128094016314,2227.5622101233803,2.70,-0.01251659515928796
2019-02-04,-0.020010016987961204,0.0125556327147,2221.537435190416,2.73,-0.002704649461902342
2019-02-05,-0.010382364902619758,0.0124259499262,2232.1242386768586,2.71,0.004765530086840533
2019-02-06,-0.014292667797528014,0.0122496131154,2207.321705172183,2.70,-0.01111162769298976
2019-02-07,-0.009588593159561192,0.0121327178849,2193.2150533102918,2.65,-0.006390845443524035
2019-02-08,0.05819756787200958,0.0128597635065,2339.2862131720776,2.63,0.06660138486707715
2019-02-09,0.005833724066694944,0.0129350030684,2340.621395859485,2.63,0.0005707649965571154
2019-02-10,-0.009275008034758477,0.0128155854667,2342.0811434659868,2.63,0.0006236581486797242
2019-02-11,-0.02043317172429519,0.0125563796253,2332.0336220426348,2.65,-0.004289997146931867
2019-02-12,0.0018525190956377076,0.0125796621173,2326.1228828552576,2.68,-0.0025345857501831255
2019-02-13,-0.02323097180001325,0.0122907926914,2313.4451909874847,2.71,-0.005450138494923929
2019-02-14,0.0066662234327068874,0.0123729995619,2310.2756603283224,2.66,-0.0013700478712484292
2019-02-15,0.003471098601976488,0.0124160220879,2307.7601747515378,2.66,-0.001088824861889913
2019-02-16,-0.0013540269697534255,0.0123992218357,2311.717588994636,2.66,0.001714829073833214
2019-02-17,-0.000654200903182426,0.0123911129063,2322.8078522725446,2.66,0.004797412681681234
2019-02-18,0.053864938736064384,0.0130768625793,2460.1244509172184,2.66,0.059116641314230375
2019-02-19,0.00742769786841718,0.0131743551882,2480.758566479366,2.65,0.008387427536218543
2019-02-20,0.009631694318738731,0.0133018596063,2494.0986196195677,2.65,0.005377408878258386
2019-02-21,-0.01932130848106892,0.0130473172379,2483.582707825153,2.69,-0.004216317555245069
2019-02-22,0.009183756871858453,0.0131676925299,2514.628034519616,2.65,0.012500218574016753
2019-02-23,-0.006305040268113433,0.0130849308802,2586.2430211564833,2.65,0.028479355854532328
2019-02-24,-0.03998094287416515,0.0125721029876,2417.5186235349925,2.65,-0.0652391891408731
2019-02-25,0.022218681508813544,0.0128545648851,2439.2805346215414,2.67,0.009001755301776248
2019-02-26,-0.003384036383834624,0.0128111380902,2431.651497737287,2.64,-0.0031275766669608906
2019-02-27,-0.02271410510230813,0.0125234245014,2438.2536676049403,2.69,0.0027150970744766094
2019-02-28,0.005097226980129882,0.0125874222055,2438.747862933309,2.73,0.0002026841320633276
2019-03-01,-0.006199851039911723,0.0125096234823,2438.6994996819276,2.76,-1.9831181450351838e-05
2019-03-02,0.0010012724032134742,0.0125221552959,2449.6736016791815,2.76,0.004499981239461947
2019-03-03,0.006370830137214086,0.0126021864821,2441.4068420410035,2.76,-0.003374637189424479
2019-03-04,-0.0162112333156927,0.0123995365376,2397.0252634906533,2.72,-0.018178690165891184
2019-03-05,0.05902334819754898,0.013153428461,2455.4574945307354,2.72,0.024376977552164194
2019-03-06,-0.0023492037290469693,0.0131225646447,2457.835698502115,2.69,0.0009685380328011594
2019-03-07,0.1099442058300011,0.0146476138668,2465.6856136522856,2.64,0.003193832344023052
2019-03-08,0.28756436406869723,0.0195278530951,2472.5477530720864,2.62,0.002783055301862372
2019-03-09,0.0440983973098596,0.0204082699333,2505.2316168527227,2.62,0.013218698704616462
2019-03-10,0.055562092661402905,0.021574289402,2496.167815017595,2.62,-0.0036179496435201964
2019-03-11,0.04042124530890492,0.022464213807,2469.6468403496006,2.64,-0.010624676156962382
2019-03-12,0.8691606817712955,0.053575090326,2464.2283675220087,2.61,-0.0021940273965749615
2019-03-13,0.11508257542007023,0.0601094341091,2460.6169048337147,2.61,-0.0014655551960574586
2019-03-14,0.039855979178503344,0.0625535369908,2472.9433655143134,2.63,0.00500950012022768
2019-03-15,0.49898721342535723,0.103028947801,2481.769402305507,2.59,0.003569041213913068
2019-03-16,-0.19367913026972233,0.0848878407939,2535.005003737605,2.59,0.02145066394268678
2019-03-17,-0.209123533384512,0.068869081428,2527.95071668313,2.59,-0.0027827507417437845
2019-03-18,-0.0009442939903344446,0.0688040794636,2535.007902762146,2.60,0.0027916628407517272
2019-03-19,0.14862438813436546,0.0798290462118,2561.2530603944733,2.61,0.010353087106249513
2019-03-20,-0.10339705151129666,0.0719873474947,2573.2184645734706,2.54,0.004671699319377044
2019-03-21,-0.05099440743652381,0.0684084234498,2545.6598690871247,2.54,-0.010709776828417842
2019-03-22,-0.012974446081591491,0.0675265950361,2537.042244158477,2.44,-0.0033852224459735127
2019-03-23,-0.0004130227090149482,0.0674987107777,2535.43450177785,2.44,-0.0006337073749279012
2019-03-24,-0.047984161039077204,0.0643363208388,2536.036421368509,2.44,0.00023740293438332335
2019-03-25,-0.17909062874730153,0.0537871025202,2500.6966966621653,2.43,-0.013935022544854986
2019-03-26,-0.061839923368516424,0.0505616702829,2514.4743131001114,2.41,0.005509511191955404
2019-03-27,0.07632571035626157,0.0545719216678,2559.174752211354,2.39,0.01777725025002594
2019-03-28,-0.08372563150508726,0.0501888988503,2554.7180037347757,2.39,-0.0017414787609667695
2019-03-29,-0.06023086032208739,0.0472552143035,2570.6606581063834,2.41,0.00624047521029753
2019-03-30,-0.008275864382953763,0.0468657503568,2580.389364069898,2.41,0.003784515833638271
2019-03-31,-0.05453045682662986,0.0443785694234,2580.3390144344257,2.41,-1.9512417844110392e-05
2019-04-01,-0.0043179850331199416,0.0441873565491,2613.4373912344604,2.49,0.012827142718411115
2019-04-02,0.1196536570505123,0.0498038531879,3085.213811340748,2.48,0.18051950342818185
2019-04-03,-0.05714417362726149,0.0470376422765,3164.3763106253396,2.52,0.025658675257320192
2019-04-04,-0.025183491170160832,0.0458678616309,3144.0482140135605,2.51,-0.00642404525135693
2019-04-05,0.09739662333593865,0.0505600284647,3176.2183060719003,2.50,0.01023206066464001
2019-04-06,-0.03700882802881776,0.0487230627035,3200.5394425745076,2.50,0.007657262240480488
2019-04-07,0.09478332865701661,0.0535671396292,3286.4762274916247,2.50,0.02685071890505739
2019-04-08,0.044272674201907024,0.0559919812018,3353.741638737246,2.52,0.020467335404084436
2019-04-09,0.0012467528982759365,0.0560618329015,3310.103665931131,2.51,-0.013011727648330512
2019-04-10,0.25585474122216223,0.0724075069939,3390.6117391318267,2.48,0.024321918986802648
2019-04-11,0.1579686089662786,0.084798562478,3253.9501259834783,2.51,-0.04030588686139005
2019-04-12,-0.0909949258363173,0.0774229822571,3283.8333659258483,2.56,0.00918368099859491
2019-04-13,0.0813485777242435,0.0839844987087,3291.403487441205,2.56,0.0023052696869173815
2019-04-14,-0.0025281630412160743,0.083772440375,3329.3231646617883,2.56,0.011520823066898637
2019-04-15,-0.05646162189038598,0.0791735641962,3278.3515258608895,2.55,-0.015309910236988584
2019-04-16,0.07293281768995676,0.085163699036,3391.310327212625,2.60,0.03445597595641385
2019-04-17,-0.007959159189655729,0.08448855794,3405.9464357949537,2.59,0.004315767998252862
2019-04-18,0.012031491732170066,0.0855112210714,3423.3175224085808,2.57,0.005100223077810278
2019-04-19,-0.017472495391297183,0.0840301037436,3436.3674492447926,2.57,0.0038120702361930407
2019-04-20,0.027874487266896286,0.0864053503991,3472.8855284129636,2.57,0.010626942463966279
2019-04-21,-0.039758513861989676,0.0830373981093,3484.543532669512,2.57,0.003356863956836436
2019-04-22,-0.013650540864688721,0.0819115941114,3544.952432563992,2.59,0.01733624485620949
2019-04-23,-0.04746346339832047,0.0781146080058,3710.9011168147485,2.57,0.046812668831984705
2019-04-24,-0.1034073338632943,0.0704405962202,3671.803110792557,2.53,-0.01053598702617847
2019-04-25,0.05142425027350376,0.0741577067736,3506.050540108699,2.54,-0.045142009438540034
2019-04-26,-0.04102852169124623,0.0711766970627,3544.7484400120507,2.51,0.011037462084660079
2019-04-27,0.03848143395007935,0.0739690609385,3532.1758150108462,2.51,-0.0035468313799897387
2019-04-28,-0.010790913005871035,0.0731751584071,3555.2037652941476,2.51,0.00651948019842004
2019-04-29,0.005728141212871837,0.0735955188403,3541.152425030814,2.54,-0.003952330496637834
2019-04-30,-0.007788154294405343,0.073024571782,3555.742793674398,2.51,0.004120231747284101
2019-05-01,0.008512988153994658,0.0736488827019,3609.259077419207,2.52,0.015050662224504466
2019-05-02,-0.0020795433136596283,0.0734958857973,3698.6311884077886,2.55,0.024761899623034753
2019-05-03,0.05028889808585326,0.0772864251166,3887.50721524982,2.54,0.05106646681453527
2019-05-04,-0.043431161961516536,0.0740016333479,3967.718551034694,2.54,0.020633102742606567
2019-05-05,-0.019308158055841265,0.0725865038505,3948.523607354328,2.54,-0.004837778545396195
2019-05-06,-0.014502094937202555,0.0715414435777,3883.5476100574683,2.51,-0.016455770246843252
2019-05-07,-0.021736043233736402,0.0700031939596,3973.8647967582788,2.45,0.023256361391556096
2019-05-08,0.017905908900013215,0.071267954323,4108.601228749656,2.49,0.0339056407005316
2019-05-09,-0.02549099281392904,0.0694742225416,4301.851636477676,2.45,0.04703557171130737
2019-05-10,-0.04534743679388237,0.0663941100376,4463.776020360116,2.47,0.03764062491355979
2019-05-11,0.011797173934676894,0.067182011268,5061.008005146564,2.47,0.13379524018731265
2019-05-12,-0.04511707519095662,0.0642183147851,4914.402059372911,2.47,-0.02896773639254641
2019-05-13,0.04313567030662711,0.0670490282928,5613.849506491346,2.40,0.14232605282761215
2019-05-14,-0.019226900973251283,0.0657721973505,5574.116351521773,2.42,-0.007077702194123469
2019-05-15,0.04928754454711664,0.0690951652522,5563.969514405989,2.37,-0.0018203489980997986
2019-05-16,-0.0597731842879593,0.0650861369611,5295.534034466969,2.40,-0.04824531824698138
2019-05-17,0.11071566341655707,0.0727062419634,4937.820871369802,2.39,-0.06754996961003827
2019-05-18,-0.0621123150697194,0.0683276779254,4920.505243245282,2.39,-0.0035067347673380838
2019-05-19,-0.02123821301325051,0.0668918216291,5575.763863532134,2.39,0.13316897104954217
2019-05-20,0.0007183398911635299,0.0669398899556,5446.641201947418,2.41,-0.0231578425387116
2019-05-21,-0.01979416539754512,0.065627898428,5422.8877752023045,2.43,-0.0043611146511029295
2019-05-22,-0.02649120864317633,0.0639121623773,5253.41103172802,2.39,-0.03125212073339687
2019-05-23,0.03721077336360825,0.0663351850623,5417.305532385638,2.31,0.031197730325644716
2019-05-24,-0.018078296245272688,0.0651467328982,5470.37721661982,2.32,0.00979669393149593
2019-05-25,0.024438517550649873,0.0667584360779,5517.842423477433,2.32,0.008676770353862797
2019-05-26,0.06899348714118834,0.0715269398336,5965.044958241472,2.32,0.08104663026643755
2019-05-27,-0.03523267171482892,0.0690507324901,5984.657798556042,2.32,0.0032879618597797477
2019-05-28,-0.023368477590724763,0.067455829798,5896.4177498051395,2.26,-0.014744376657959022
2019-05-29,0.03771526974605814,0.0700485294756,5856.872207386668,2.25,-0.006706706359090307
2019-05-30,-0.03583655899570997,0.0675826789097,5644.998533088032,2.22,-0.036175225751284484
2019-05-31,0.03905198410644517,0.0702741277791,5774.543123163065,2.14,0.022948560449698993
2019-06-01,0.04111895357312532,0.0732239577254,5796.026143198644,2.14,0.0037202977928081624
2019-06-02,0.05156730430673881,0.0770989732266,5910.817189239492,2.14,0.019805129101349923
2019-06-03,-0.007607405675556792,0.0765146753734,5557.633178805954,2.07,-0.05975214579068717
2019-06-04,-0.15004397537557676,0.065853895394,5204.712044321646,2.12,-0.06350205620446009
2019-06-05,-0.0196148231119275,0.0645747688162,5282.587966202088,2.12,0.014962580295946337
2019-06-06,0.007768322353147384,0.0650783599328,5246.945347693587,2.12,-0.006747188828002859
2019-06-07,-0.004563097259690511,0.0647820775437,5411.205243920788,2.09,0.031305814210434935
2019-06-08,-0.014038343125276893,0.0638789982107,5366.555078637624,2.09,-0.008251427042677062
2019-06-09,-0.033010358118378026,0.0618047537325,5215.423330625479,2.09,-0.028161780844055382
2019-06-10,0.062465803129223126,0.0657885680814,5401.682338624626,2.15,0.035713114006568875
2019-06-11,0.024295163801148423,0.0674064863324,5340.719679754666,2.15,-0.011285865226477301
2019-06-12,0.0017103212695786755,0.0675218717246,5469.822390375397,2.13,0.02417327970051064
2019-06-13,0.0170519247502333,0.0686831222407,5563.600287345843,2.10,0.01714459634657532
2019-06-14,-0.00838805673473762,0.0681094138278,5946.025335978251,2.09,0.06873697406016327
2019-06-15,-0.013281697273726375,0.0672107860728,6038.428494084223,2.09,0.015540323642225
2019-06-16,0.0075297178453494614,0.0677187744325,6151.465008601328,2.09,0.018719525225453268
2019-06-17,-0.004359556265371666,0.0674241932134,6399.544361483166,2.09,0.04032849939566574
2019-06-18,0.0032189602402831518,0.0676415787005,6252.379839736155,2.06,-0.022996093695786715
2019-06-19,-0.04180283520566982,0.0648722549901,6396.7234028666035,2.03,0.023086179475708155
2019-06-20,-0.015002665877926872,0.0639062625732,6635.23437301419,2.01,0.03728642855507889
2019-06-21,-0.0729712052045105,0.059409025378,7098.185090733265,2.07,0.06977156972810436
2019-06-22,-0.041524528762559826,0.0569926110343,7490.489983833399,2.07,0.055268338044930816
2019-06-23,0.05452261291800632,0.0601862692874,7654.991002097721,2.07,0.021961316098060686
2019-06-24,-0.03898289649123857,0.0578851771992,7785.174079135217,2.02,0.01700630046486285
2019-06-25,0.2579212212319319,0.0749171297602,8475.31134222765,2.00,0.08864763408978177
2019-06-26,-0.08377007842538996,0.0688969898019,9581.508212543664,2.05,0.13051990961139867
2019-06-27,-0.14001135829192873,0.0598954851642,8186.468353762968,2.01,-0.14559710515661559
2019-06-28,0.023881188635382924,0.0613430768514,9198.872323283775,2.00,0.12366797570962917
2019-06-29,0.044974934887316506,0.064164959077,8711.835597186422,2.00,-0.05294526426511943
2019-06-30,-0.047937184654999354,0.0611616322111,7862.266983314345,2.00,-0.09751889878941858
2019-07-01,-0.07426695182485644,0.0567839159901,7612.8645160495225,2.03,-0.03172144469198464
2019-07-02,-0.022866691611084466,0.0555001889265,7843.95697140272,1.98,0.030355519248504437
2019-07-03,0.2010001951117584,0.0678559190619,8846.956152737432,1.96,0.12786903153490234
2019-07-04,0.05507440475161548,0.0716978688987,8267.56545929298,1.96,-0.06549039957264575
2019-07-05,-0.006720609012121265,0.0712176311076,8049.449809503301,2.04,-0.026382089245451434
2019-07-06,0.014664349971841722,0.0722696863746,8249.127722295872,2.04,0.02480640509825011
2019-07-07,0.011618225381939443,0.0731142284192,8382.303818436056,2.04,0.016144264051122986
2019-07-08,0.0980413618564142,0.0806456085914,9123.544201412888,2.05,0.08842919548520137
2019-07-09,0.003139939244849924,0.0808992288705,9434.798795257248,2.07,0.03411553525395959
2019-07-10,0.13554204750666804,0.0926423462133,9205.903266794916,2.07,-0.024260774758375823
2019-07-11,0.10955475954089249,0.10336858535,8629.88243276305,2.13,-0.06257081106962474
2019-07-12,-0.1402055177381797,0.0898458641392,8984.031004804363,2.12,0.04103747354619805
2019-07-13,-0.10081907755526287,0.0812293393449,8650.80078317355,2.12,-0.03709139265577023
2019-07-14,-0.11415761612304992,0.0724661015554,7836.000128426814,2.12,-0.09418788793883502
2019-07-15,-0.04580728149803472,0.0692215068015,8403.42124355081,2.09,0.07241208599085547
2019-07-16,-0.24255088377874057,0.0543128432269,7287.952639902752,2.13,-0.13273981766701545
2019-07-17,-0.06057316498016391,0.0511206005326,7387.763173588757,2.06,0.013695277482941652
2019-07-18,0.1848666925602126,0.0615010501372,8174.754418570441,2.04,0.10652632285170922
2019-07-19,-0.09169591180837318,0.0561124850826,8072.005442025731,2.05,-0.01256905972750654
2019-07-20,-0.0014630779658542509,0.0560304481699,8227.34968010019,2.05,0.019244813347830618
2019-07-21,-0.025879758503366112,0.0545989964088,8091.386422632538,2.05,-0.016525766225363097
2019-07-22,0.17729834533555727,0.0651905061495,7914.843775218639,2.05,-0.02181859055947303
2019-07-23,0.08161063141643828,0.0707338667376,7555.143082127462,2.08,-0.045446341495381085
2019-07-24,-0.12525086801015944,0.06240676048,7424.484530315485,2.05,-0.017293987736786066
2019-07-25,-0.019753743026439067,0.061186089474,7517.832978239039,2.08,0.012573054404301839
2019-07-26,-0.0007446103686453795,0.0611405466353,7458.043514251611,2.08,-0.007953018397787472
2019-07-27,-0.07459529491822368,0.05674570452,7183.577524168423,2.08,-0.03680133932695742
2019-07-28,-0.009948235452847854,0.0561839835892,7238.8519258293045,2.08,0.007694550726976372
2019-07-29,-0.029755852094315017,0.0545368093536,7210.597677882074,2.06,-0.0039031393702660252
2019-07-30,0.08421065816250618,0.0593283063048,7283.437556730939,2.06,0.01010178103159122
2019-07-31,-0.011848195292860977,0.0586295207935,7676.038700234516,2.02,0.05390327581524433
2019-08-01,-0.023651387792227082,0.0572591210703,7983.244290340236,1.90,0.0400213706708298
2019-08-02,-0.027915171798746252,0.0556828264957,8115.582197112169,1.86,0.01657695818378776
2019-08-03,0.008595805482448576,0.0561635282907,8374.3720207126,1.86,0.03188801706580205
2019-08-04,0.006232582578742482,0.056514665227,8514.251696153815,1.86,0.016703303256082408
2019-08-05,-0.020513753728260323,0.0553671474913,9238.692101108078,1.75,0.08508562241371344
2019-08-06,-0.0671031944244922,0.0517737476078,9007.87292427342,1.73,-0.024983966811381528
2019-08-07,-0.1075839075443318,0.0464928859383,9450.083315951164,1.71,0.04909154418532299
2019-08-08,0.019334708949567892,0.047400558876,9509.718637940074,1.72,0.006310560446408861
2019-08-09,0.08062610979008294,0.0513805722414,9502.485357375108,1.74,-0.0007606198290775692
2019-08-10,-0.0011321624660455456,0.0513224340032,9010.35519527051,1.74,-0.05178962593429776
2019-08-11,-0.04100676888409195,0.0492604337368,9110.81403499975,1.74,0.011149265212316078
2019-08-12,-0.04251381438668683,0.047210077838,9014.111155978442,1.65,-0.010614076705969193
2019-08-13,-0.003550914006138658,0.0470427361951,8576.247009707839,1.68,-0.04857541012018677
2019-08-14,-0.006233273905586301,0.0467504179315,7957.283900528868,1.59,-0.07217179128333623
2019-08-15,0.00010770136974853896,0.0467554532867,8189.562468196434,1.52,0.02919068498387091
2019-08-16,-0.06246493417115866,0.0439242237876,8275.13315691673,1.55,0.010448749741222972
2019-08-17,0.0091888847306742,0.044329698494,8137.572651317127,1.55,-0.016623358560052242
2019-08-18,0.03276186608406874,0.0458060745041,8163.176902394023,1.55,0.0031464236540797432
2019-08-19,-0.0011251937920738618,0.0457545627792,8669.369082073268,1.60,0.062009213536802485
2019-08-20,-0.02383158403018236,0.0446770494926,8573.270892778848,1.55,-0.011084796181204726
2019-08-21,-0.03352523734672101,0.0432040697613,8050.644662031919,1.59,-0.060959957673462746
2019-08-22,0.010668440237925446,0.0436674572132,8007.752717488915,1.62,-0.005327765209324131
2019-08-23,-0.012906062670334851,0.0431075034454,8242.43190014961,1.52,0.02930649720840607
2019-08-24,-0.0031775184376808038,0.0429707459482,8032.170364661551,1.52,-0.025509647884897
2019-08-25,-0.01801835645845761,0.0422034174893,8037.697022272203,1.52,0.0006880652874305959
2019-08-26,0.0018535673636274155,0.0422817169108,8246.978683068777,1.54,0.02603751549936025
2019-08-27,-0.036359958259325774,0.0407719689611,8084.543539573627,1.49,-0.019696321493910644
2019-08-28,0.00624735454420583,0.0410274832197,7780.322177316879,1.47,-0.037629998622382616
2019-08-29,-0.025115665911862716,0.0400098830025,7583.409950300085,1.50,-0.025309006816052027
2019-08-30,-0.03400417311261497,0.0386722514301,7669.325694414829,1.50,0.011329434209388058
2019-08-31,0.009903051145857081,0.0390571272912,7679.984269228776,1.50,0.0013897668763381578
2019-09-01,0.0008874431027138123,0.0390918036538,7802.948247986144,1.50,0.016010967528936982
2019-09-02,0.04787358781288922,0.0410087889189,8329.476573274867,1.50,0.06747812603071078
2019-09-03,-0.06705603902455394,0.0383490735047,8579.609311273298,1.47,0.030029826700153233
2019-09-04,-0.012202325967685107,0.0378839690583,8580.557269132567,1.47,0.00011048963010745709
2019-09-05,0.09539990571337291,0.0416761052228,8583.462933510587,1.57,0.0003386335277398817
2019-09-06,-0.008360199517051546,0.0413291370505,8399.55187568849,1.55,-0.021426207493026185
2019-09-07,-0.002902711541534196,0.0412093444332,8483.028934714324,1.55,0.009938275310549423
2019-09-08,-0.04328467633925379,0.039463664439,8378.170638299971,1.55,-0.012360949988659282
2019-09-09,-0.009280633540493096,0.0390991108917,8282.883004063735,1.63,-0.01137332221435526
2019-09-10,-0.025770145098955474,0.0381043931893,8087.039135839564,1.72,-0.023644408369415174
2019-09-11,-0.008150968652431251,0.0377950678381,8160.061450700341,1.75,0.009029548841573223
2019-09-12,0.06650658505950229,0.040394159137,8374.906565993826,1.79,0.02632885997139712
2019-09-13,-0.030173115304977877,0.039193545726,8324.212811555646,1.90,-0.0060530531342309025
2019-09-14,0.013958605165493769,0.0397444690713,8272.154984870236,1.90,-0.0062537837347386716
2019-09-15,-0.016190305274663287,0.0391061750146,8251.21982604103,1.90,-0.002530798669451545
2019-09-16,-0.001882758735584767,0.0390326167899,8154.238066087816,1.84,-0.01175362697853921
2019-09-17,-0.015234470611159418,0.0384424821446,8030.434126166944,1.81,-0.015182772310236181
2019-09-18,0.013506217728740205,0.0389652168163,7898.709496524041,1.80,-0.016403176661854677
2019-09-19,0.011974466223964222,0.0394346092421,7957.683899045125,1.79,0.007466333905182432
2019-09-20,-0.0009505137313652187,0.039397143913,7909.020409645297,1.74,-0.0061152830417990495
2019-09-21,-0.021001074595405154,0.0385783890133,7778.418635368312,1.74,-0.01651301520447621
2019-09-22,0.025882448039565152,0.0395899262235,7872.930271547148,1.74,0.012150494928248455
2019-09-23,-0.051527068746921076,0.0376016385858,7628.489474986965,1.72,-0.031048261337153438
2019-09-24,-0.04017761706208299,0.0361208410006,6827.977061296559,1.64,-0.10493721152991088
2019-09-25,-0.043385809054331155,0.0345872183768,6661.508721899175,1.73,-0.024380330792408093
2019-09-26,-0.006488140522857758,0.034363538063,6340.754958182889,1.70,-0.04815031805960618
2019-09-27,0.023364868946393533,0.0351758909294,6430.7963352975075,1.69,0.014200418989290569
2019-09-28,-0.008176470230623865,0.0348894489424,6430.91593497981,1.69,1.859795833466478e-05
2019-09-29,0.00782973644984184,0.035163696374,6321.076348705723,1.69,-0.017079928797799165
2019-09-30,0.014491422180880282,0.0356769784548,6427.721903993101,1.68,0.016871423378585507
2019-10-01,-0.02567227678323516,0.0347727259622,6495.520784600799,1.65,0.010547886423894521
2019-10-02,0.02083582379186758,0.0355048450188,6517.127679899012,1.60,0.0033264300145782874
2019-10-03,0.010136023318333612,0.0358665529993,6423.818740671713,1.54,-0.01431749442551117
2019-10-04,0.01685388114256118,0.036476166366,6350.855131711959,1.52,-0.011358291991925786
2019-10-05,-0.036981526523644316,0.035151860407,6302.470436103398,1.52,-0.007618611132689793
2019-10-06,-0.020480296087913255,0.0344392619195,6157.557907737072,1.52,-0.02299297233291277
2019-10-07,0.03530608800605547,0.0356768969995,6321.6914354236405,1.56,0.026655620644725396
2019-10-08,-0.013421951841070725,0.0352012426517,6298.15826248314,1.54,-0.003722607023910147
2019-10-09,0.018298681787899153,0.0358513085248,6589.546072269661,1.59,0.0462655585399083
2019-10-10,0.017270417891588643,0.036475853155,6612.793989423777,1.67,0.003527999789234182
2019-10-11,-0.0500957434199578,0.0346935829635,6401.954797741954,1.76,-0.03188352639126971
2019-10-12,-0.0029665688936367784,0.0345908145696,6424.578468034861,1.76,0.0035338691083676493
2019-10-13,0.0018731371317572847,0.0346556686301,6394.76288030587,1.76,-0.004640862879539382
2019-10-14,-0.006480316172416412,0.0344318150446,6393.828247487372,1.76,-0.0001461559773194817
2019-10-15,-0.003978870285160475,0.0342950875098,6281.195824220534,1.77,-0.01761580369493041
2019-10-16,-0.021568220026991533,0.0335633233093,6164.451455275125,1.75,-0.018586328497391804
2019-10-17,0.002596283885747742,0.0336505764427,6175.136342191997,1.76,0.001733307009454703
2019-10-18,-0.015408576143819722,0.0331360432653,6086.313138372007,1.76,-0.014384006910600412
2019-10-19,-0.0025405923068649266,0.0330519649383,6105.159512923179,1.76,0.0030965174026870443
2019-10-20,0.014673754019743196,0.0335405371695,6308.284323986335,1.76,0.03327100801104192
2019-10-21,-0.0020048640841394457,0.0334733603139,6328.139366799122,1.80,0.0031474552815083877
2019-10-22,0.008049331716330136,0.0337438858088,6191.064658505102,1.78,-0.021661139293674452
2019-10-23,-0.061201837938542024,0.0317406248604,5743.198353697097,1.77,-0.07234075712530942
2019-10-24,-0.0033407352756374955,0.031634764759,5709.187391855223,1.77,-0.00592195493648249
2019-10-25,0.09114709105177012,0.0346536741997,6671.427802075926,1.80,0.16854244644228064
2019-10-26,0.0497239351918757,0.0364203503044,7244.6212702132625,1.80,0.08591766037833433
2019-10-27,-0.020131092627378822,0.0356944994573,7490.3188780444025,1.80,0.03391448616387193
2019-10-28,0.00458743129320533,0.035858621683,7220.153393724398,1.85,-0.03606862254047863
2019-10-29,0.01933055050571196,0.0365585316081,7334.272784263143,1.84,0.01580567396780455
2019-10-30,-0.012440805392925672,0.0361065314835,7166.690229185897,1.78,-0.022849239455181063
2019-10-31,0.02435586488395957,0.0369967341073,7161.639832726827,1.69,-0.0007047041657392129
2019-11-01,0.029397577796795183,0.0381004929045,7218.617197852632,1.73,0.007955910441828277
2019-11-02,-0.01577951083261627,0.03750400429,7270.491286076545,1.73,0.007186153081970443
2019-11-03,0.013737737123838842,0.0380227796832,7202.709907254242,1.73,-0.009322805867618411
2019-11-04,-0.015761584968893877,0.0374281786474,7325.394936613858,1.79,0.017033176532078923
2019-11-05,-0.012005212535202734,0.0369815318174,7232.011413256228,1.86,-0.012747916551349294
2019-11-06,-0.017459505073546825,0.0363414565335,7226.627644152193,1.81,-0.0007444359247229599
2019-11-07,0.05235326615523536,0.0382947346044,7189.5706411389965,1.92,-0.0051278417593832015
2019-11-08,-0.021789099414294386,0.0374693516556,6800.577117500896,1.94,-0.05410525093282552
2019-11-09,-0.06437165369402584,0.0351333793052,6793.096014525811,1.94,-0.0011000688391331198
2019-11-10,0.020102789565750862,0.035846805135,6990.506304498562,1.94,0.029060429817365178
2019-11-11,-0.02196805512556638,0.0350679073031,6740.598756268521,1.94,-0.03574956338559037
2019-11-12,0.0032546175604738718,0.0351822258607,6794.158984074244,1.92,0.007945915450895675
2019-11-13,-0.005955579022720333,0.0349733180354,6779.245012943506,1.88,-0.0021951165943712657
2019-11-14,0.06150350326689505,0.0371918232563,6702.125601412106,1.82,-0.011375811227379504
2019-11-15,-0.03864736267975621,0.0357818781923,6541.472321505622,1.84,-0.023970496743993503
2019-11-16,-0.010234417518324723,0.0354175390907,6579.627972608965,1.84,0.005832884284766196
2019-11-17,0.022127886225022715,0.0362099896595,6594.938836400236,1.84,0.0023270105627567744
2019-11-18,-0.009936563380352188,0.035851968498,6394.973988421339,1.81,-0.0303209556509012
2019-11-19,-0.05848487034452805,0.0338153081729,6318.149000854142,1.79,-0.01201333855404177
2019-11-20,-0.002642024765385008,0.0337260852078,6169.5778024435995,1.73,-0.02351498807490258
2019-11-21,-0.04770795758006204,0.0321548605296,5898.039905623522,1.77,-0.044012395258639724
2019-11-22,-0.06615801764290416,0.0300964012406,5652.081910291204,1.77,-0.0417016499155606
2019-11-23,0.024732642258228882,0.030850046164,5717.069806783412,1.77,0.011498045768565284
2019-11-24,-0.019811361544527256,0.0302448791306,5473.189196281808,1.77,-0.042658323012294656
2019-11-25,-0.08608677854507354,0.0277501183948,5550.660833620045,1.76,0.014154752295218878
2019-11-26,-0.002519504692686955,0.0276802898449,5593.59180852144,1.74,0.007734389866043352
2019-11-27,0.022363879227750825,0.028306302448,5862.257529889107,1.77,0.048030984484490634
2019-11-28,-0.0322148360842661,0.0274089511709,5807.414508207545,1.77,-0.00935527335705426
2019-11-29,0.034014878600920076,0.0283573008818,6051.821784036215,1.78,0.04208538506821797
2019-11-30,-0.04117480230326759,0.0272134060512,5896.0615452827005,1.78,-0.025737743825237254
2019-12-01,-0.027726477996271138,0.0264692383943,5767.319069909941,1.78,-0.02183533438109427
2019-12-02,-0.02292263088801662,0.0258693950715,5699.108203129684,1.83,-0.011827135962727792
2019-12-03,0.006982211961367813,0.0260506527245,5701.598555416455,1.72,0.00043697227671586977
2019-12-04,0.007349894768981271,0.0262428276483,5653.394453782094,1.77,-0.008454488888658714
2019-12-05,0.12169844096592645,0.0296390029211,5816.4069449859535,1.80,0.02883444495807373
2019-12-06,0.004321486025470921,0.0297673646149,5902.746074522214,1.84,0.014844066165399518
2019-12-07,0.0005117152157521309,0.0297826009263,5907.590957899412,1.84,0.0008207846510812833
2019-12-08,-0.0037840830368207072,0.0296701140554,5900.466435302889,1.84,-0.0012059945665324789
2019-12-09,-0.0030128763777754284,0.0295808561986,5772.93280085337,1.83,-0.02161416149856843
2019-12-10,-0.015574884824786606,0.0291237070342,5669.251067837633,1.85,-0.017959975733722523
2019-12-11,-0.004391256340717094,0.0289960977586,5627.169903481367,1.79,-0.0074227025497243014
2019-12-12,0.017423335665806772,0.0295057333866,5646.169140933349,1.90,0.003376339754772162
2019-12-13,-0.00037663991937976146,0.0294946224421,5671.294822215366,1.82,0.004450040488490224
2019-12-14,0.011408040660483421,0.0298330248785,5550.7200492688935,1.82,-0.021260536919040472
2019-12-15,0.02560216931684402,0.0306066763523,5572.429542652247,1.82,0.003911113007079624
2019-12-16,0.008709763974418895,0.0308744175682,5438.173503254431,1.89,-0.024092909272373723
2019-12-17,-0.009843870666842596,0.0305719847915,5265.547563087611,1.89,-0.0317433675228482
2019-12-18,0.08383747877800493,0.0332455704505,5784.056931151999,1.92,0.09847206997031571
2019-12-19,0.002556692396193632,0.0333306778981,5740.433161064814,1.92,-0.0075420713534534245
2019-12-20,0.06013806246772438,0.0353966185205,5743.661591174287,1.92,0.0005624018290763292
2019-12-21,-0.03735882198528812,0.0340986390035,5728.770196717319,1.92,-0.002592665709945495
2019-12-22,0.04473314096326871,0.0356586092907,5999.153300854297,1.92,0.04719740796932518
2019-12-23,-0.018849858952802372,0.0349927449753,5882.457164194406,1.93,-0.019452101122882415
2019-12-24,0.00030160043254800687,0.035003300394,5846.990759636589,1.90,-0.006029181950307258
2019-12-25,-0.0023857162931040623,0.0349198919839,5818.843970820773,1.90,-0.004813893158532249
2019-12-26,0.01193837064103265,0.035339277003,5781.49663105059,1.90,-0.0064183435674621935
2019-12-27,0.006670891887982045,0.0355758095637,5822.473839751182,1.88,0.0070876472504570135
2019-12-28,-0.044808586816678375,0.0340168950161,5837.407698786763,1.88,0.0025648649434239783
2019-12-29,0.024908104341385497,0.0348748318204,5901.699279333589,1.88,0.011013721135186212
2019-12-30,-0.027456672832437603,0.0339303110088,5797.229123039555,1.90,-0.0177017078216549
2019-12-31,-0.01049019223612041,0.0335762359285,5724.287952757511,1.92,-0.012582074769506358
2020-01-01,0.011738612896600931,0.0339726967622,5721.370481163654,1.92,-0.0005096654147965489
2020-01-02,-0.03334916403637652,0.0328584191092,5550.834745988173,1.88,-0.02980679816783971
2020-01-03,0.05356173334431331,0.0346663589819,5839.569748800784,1.80,0.05201650130573449
2020-01-04,0.0006390561857841636,0.0346885198133,5892.266205221442,1.80,0.009024030654224142
2020-01-05,-0.0020291965697250185,0.034618201357,5883.398436740085,1.80,-0.0015049843595827898
2020-01-06,0.053736967542633136,0.0365293688132,6134.515789711606,1.81,0.0426823638874034
2020-01-07,0.04520752368271771,0.0382186679393,6521.532115121593,1.83,0.06308832492681242
2020-01-08,0.050333908039906596,0.0401915990043,6462.597915081685,1.87,-0.009036864190740783
2020-01-09,-0.03677180159760622,0.0387405243191,6288.068267382085,1.85,-0.027006112710849968
2020-01-10,0.043391218658454515,0.0404585264378,6515.362514580495,1.83,0.03614691150499232
2020-01-11,-0.005182013580500448,0.040249412089,6392.917611482733,1.83,-0.01879326020981136
2020-01-12,0.021311265773767445,0.041116383322,6511.198988644715,1.83,0.018501939857558828
2020-01-13,0.0022515408704774924,0.0412090628362,6484.44590195673,1.85,-0.004108780385093672
2020-01-14,0.05871303294830091,0.0437010110009,6957.91931438913,1.82,0.0730167881097636
2020-01-15,0.04206421946190256,0.0455784700195,6932.451882365713,1.79,-0.0036602080122932618
2020-01-16,0.011791477544249652,0.0461190886073,6864.897401769025,1.81,-0.009744673564706277
2020-01-17,0.021861985122200236,0.0471384454185,6995.325060046634,1.84,0.01899921450304534
2020-01-18,0.0038073711756247868,0.0473182610721,6994.9852442745505,1.84,-4.8577552746461143e-05
2020-01-19,-0.020181933070145812,0.0463728592019,6831.603650596716,1.84,-0.023356960446995045
2020-01-20,0.016777862210319575,0.0471574602025,6785.113703975235,1.84,-0.006805129366282884
2020-01-21,0.010133211494731061,0.0476377460295,6846.401568734027,1.78,0.009032695313990854
2020-01-22,0.009511752985028536,0.0480930263268,6791.26179844642,1.77,-0.008053832328418824
2020-01-23,-0.03400601178464656,0.0464850693602,6587.424123945796,1.74,-0.030014698380093924
2020-01-24,0.004401889056911623,0.0466901425018,6625.4728645160785,1.70,0.005775966425476136
2020-01-25,-0.01005345064603608,0.0462230971012,6572.0225232574585,1.70,-0.008067400222085736
2020-01-26,0.025313060638544264,0.0474080796561,6732.081676990048,1.70,0.024354626473990806
2020-01-27,0.03475743200484738,0.0490848337943,6995.603808688756,1.61,0.03914422675521213
2020-01-28,0.06390050256928638,0.0523237618637,7370.321680640087,1.65,0.05356476470064244
2020-01-29,-0.005478153003909479,0.052037907981,7338.009831976498,1.60,-0.004384048629581981
2020-01-30,0.016397211545735035,0.0528982186387,7438.741566402135,1.57,0.013727391586024087
2020-01-31,0.007259486141172567,0.0532836297746,7322.890523800621,1.51,-0.015574010948944264
2020-02-01,-0.012120456209657104,0.0526417059366,7335.639118761372,1.51,0.0017409238768920155
2020-02-02,0.028940051631957002,0.0541874182416,7254.717321901875,1.51,-0.011031321954283977
2020-02-03,-0.011794298212856989,0.0535520697811,7194.733154900736,1.54,-0.008268298313987779
2020-02-04,0.043098831974323626,0.0559105604702,7074.882569165961,1.61,-0.016658100190017136
2020-02-05,0.04075220746820746,0.0582361028887,7385.634651474682,1.66,0.04392328484193546
2020-02-06,0.012632646729942071,0.0589764454006,7449.4359706995265,1.65,0.008638569633566342
2020-02-07,0.003916724099838275,0.0592078928276,7472.532511323683,1.59,0.0031004415253719966
2020-02-08,0.003178979219671809,0.0593964129806,7529.827163005058,1.59,0.007667367334240654
2020-02-09,0.03655231040421999,0.0616076559314,7720.133748367054,1.59,0.025273699016226493
2020-02-10,-0.016945275763929738,0.0605724925468,7517.9360927173775,1.56,-0.026190952416134627
2020-02-11,0.03046439990042767,0.0624461928507,7764.003981975938,1.59,0.032730776934500154
2020-02-12,0.02798765819117507,0.0642186026576,7719.31268615671,1.62,-0.005756217529380241
2020-02-13,0.030510174089542402,0.0662081193249,7584.199577609749,1.61,-0.017503256318307098
2020-02-14,0.04543848137832523,0.0692859112882,7590.447028780273,1.59,0.0008237456183204809
2020-02-15,-0.10168848768751254,0.0625867189047,7353.726687874588,1.59,-0.031186613911950944
2020-02-16,-0.007823094187226235,0.0620990073021,7445.000643583541,1.59,0.012411932015294136
2020-02-17,-0.06464344980315866,0.0582117109481,7228.334419543773,1.59,-0.029102243829421493
2020-02-18,0.05889791378611538,0.0617432382397,7556.604219740763,1.55,0.04541430724475383
2020-02-19,-0.031190861154245995,0.0598471376921,7230.282850255582,1.56,-0.043183599404704016
2020-02-20,-0.034285871638182495,0.0578300036062,7224.324432711772,1.52,-0.0008240919016881522
2020-02-21,0.013813903597956506,0.0586344048703,7253.602975289832,1.46,0.004052772387337276
2020-02-22,0.007556307945047003,0.0590791426614,7239.824434437748,1.46,-0.001899544391803917
2020-02-23,0.04616867366205492,0.0618706935784,7409.66626318875,1.46,0.023459385001535913
2020-02-24,-0.027542270989326736,0.0601898870346,7231.5714079684085,1.38,-0.024035475943784086
2020-02-25,-0.015873846346368375,0.0592419853433,7052.882244241236,1.33,-0.024709589886684483
2020-02-26,-0.10862269802229237,0.0531441378564,6729.012169281501,1.33,-0.04592024419862937
2020-02-27,0.01078507884257761,0.0537204035227,6674.393874711331,1.30,-0.008116836943690984
2020-02-28,-0.00561363242068062,0.0534196817842,6577.679233558031,1.13,-0.01449040062195646
2020-02-29,-0.018465703702479682,0.0524423015477,6545.329685442141,1.13,-0.004918079305364834
2020-03-01,0.011815612346759029,0.0530656146145,6524.424734710435,1.13,-0.003193872843136187
2020-03-02,0.03917445475179702,0.0551856863384,6733.572159474476,1.10,0.03205607134240687
2020-03-03,0.02657583042611602,0.0566719537001,6680.778443016143,1.02,-0.007840372867178707
2020-03-04,0.0020014803472978263,0.0567854950892,6651.112253681941,1.02,-0.004440528837655679
2020-03-05,0.015668289189410062,0.0576822334809,6915.827259750895,0.92,0.03980011101487756
2020-03-06,-0.008759098774549796,0.0571791953966,6899.239987902166,0.74,-0.002398450861441329
2020-03-07,-0.014088394355446782,0.0563792803331,6751.931482174015,0.74,-0.021351410588188895
2020-03-08,-0.09555975933038093,0.0512411008862,6229.733943777893,0.74,-0.07734046765355848
2020-03-09,-0.04067008001361059,0.0491989303143,6055.462988044997,0.54,-0.027974060739295915
2020-03-10,-0.0006300808429123406,0.0491679407748,6039.924057562755,0.76,-0.002566101140890423
2020-03-11,-0.0012884417343681323,0.0491046315418,6078.8200332098195,0.82,0.0064398120367692695
2020-03-12,-0.49041329826016694,0.030070362762,3847.432875919516,0.88,-0.36707570632125736
2020-03-13,0.12101166228720961,0.033938556336,4265.749648993673,0.94,0.1087262043458475
2020-03-14,-0.06299126246805656,0.0318666644129,3991.175136712385,0.94,-0.06436723550948711
2020-03-15,0.021455534290903095,0.0325577682129,4146.443039648618,0.94,0.03890280371513087
2020-03-16,-0.035139613641831505,0.0314335684663,3886.582129725557,0.73,-0.06267080180247264
2020-03-17,0.07168344413062211,0.0337695606905,4060.1887970475054,1.02,0.044668210146432
2020-03-18,0.022492957106075687,0.0345377449512,4069.2762265977694,1.18,0.0022381790612476487
2020-03-19,0.14129813770711866,0.0397794688145,4813.855623471166,1.12,0.18297587959417605
2020-03-20,-0.0274849911546763,0.0387010189483,4856.5443389166,0.92,0.008867884453637282
2020-03-21,-0.02359004385410561,0.037798744404,4838.900658997218,0.92,-0.0036329700066773155
2020-03-22,-0.04965004478287736,0.0359678628253,4572.063755187342,0.92,-0.05514411694187847
2020-03-23,0.11278985930526512,0.0402623061411,5049.777253897549,0.76,0.10448530998024802
2020-03-24,0.08278383246140388,0.043737223341,5318.701618520539,0.84,0.053254698395939715
2020-03-25,-0.007826486194238806,0.043396250616,5284.778702018945,0.88,-0.006378044668546402
2020-03-26,0.03980371687669518,0.0451584204949,5280.262511511776,0.83,-0.0008545656803838851
2020-03-27,0.0020670491406938694,0.0452518617097,5071.9582332108785,0.72,-0.039449606500957614
2020-03-28,-0.064790060661047,0.0424129504776,4871.847514654059,0.72,-0.039454330922227804
2020-03-29,-0.022415453235606623,0.0414728210471,4619.105084609371,0.72,-0.05187814874838794
2020-03-30,0.13614600193637938,0.0475215978888,5043.506004189857,0.70,0.09187946838329537
2020-03-31,0.028651012755553804,0.0489028321925,5041.533145607162,0.70,-0.0003911680844746124
2020-04-01,0.004126894154858993,0.0491050660166,5190.774532670934,0.62,0.029602381409276353
2020-04-02,-0.03251744192754956,0.0475339772131,5336.248357425941,0.63,0.028025456285837462
2020-04-03,0.002901949696027262,0.0476721187668,5273.465043187633,0.62,-0.011765440817787146
2020-04-04,0.008611001389933606,0.04808439596,5382.530517475077,0.62,0.020681937472656207
2020-04-05,0.012660000798580028,0.0486970141423,5318.534081538297,0.62,-0.011889655939526551
2020-04-06,0.06957045538798412,0.052205516655,5622.4762377738625,0.67,0.05714773123116951
2020-04-07,-0.00708880585529393,0.051836750483,5555.177564465249,0.75,-0.01196957896531005
2020-04-08,0.03749759063396513,0.0538174065752,5647.595808215289,0.77,0.016636415790057053
2020-04-09,-0.0112981788673597,0.053212789855,5624.018197253804,0.73,-0.0041748049545592665
2020-04-10,-0.07103465143175529,0.0495639684315,5301.071440974258,0.73,-0.05742277939947641
2020-04-11,0.0045096426347427275,0.0497879889633,5292.648396124626,0.73,-0.0015889325287198636
2020-04-12,0.012962614704596764,0.0504375725362,5380.264291775766,0.73,0.01655426340342084
2020-04-13,-0.014700061583622814,0.0497015600818,5290.40572216748,0.76,-0.016701515898697148
2020-04-14,0.0033092548026800984,0.0498663076537,5287.603811627634,0.76,-0.0005296211079059231
2020-04-15,-0.03292834663665847,0.0482510327042,5130.324042324443,0.63,-0.029744998851337304
2020-04-16,0.04976195215380897,0.0507128425323,5473.310679019933,0.61,0.06685477054975443
2020-04-17,-0.003023788605482385,0.0505597292247,5456.32530371954,0.65,-0.0031033091846038078
2020-04-18,0.020090450879213257,0.0515857692736,5536.08169794122,0.65,0.01461723592017339
2020-04-19,-0.0061827473126011626,0.0512678114366,5507.242754260681,0.65,-0.005209269886906456
2020-04-20,-0.04782376870713544,0.0488736955854,5273.333280177429,0.63,-0.04247306402142675
2020-04-21,-0.015511375281827375,0.0481214466423,5267.143825760051,0.58,-0.001173727145341583
2020-04-22,0.04773543315200815,0.0504742541279,5438.521093306351,0.63,0.032537039658599005
2020-04-23,0.03900677118420559,0.0524819949905,5703.6539335571415,0.61,0.04875090777474636
2020-04-24,0.01627797291063411,0.0533432865051,5787.834650895875,0.60,0.014759085722831215
2020-04-25,0.01678009254691,0.054245943947,5781.269520275549,0.60,-0.0011342982335041608
2020-04-26,0.0194211670965871,0.0553097603291,5871.271446629184,0.60,0.015567848210153067
2020-04-27,0.014762462747535015,0.0561323252088,5974.387377141294,0.67,0.017562793927933782
2020-04-28,0.019022254250286762,0.0572103089054,5948.158916511004,0.62,-0.004390150650532516
2020-04-29,0.09047543541611844,0.0626278171724,6772.487065551116,0.63,0.1385854279635885
2020-04-30,-0.07544371566978629,0.0580767741519,6716.859498197571,0.64,-0.00821375763661469
2020-05-01,-0.0006960066059733546,0.0580363663971,6865.352733678817,0.64,0.022107539322668974
2020-05-02,0.040158780993505026,0.0604144673487,6960.728621604209,0.64,0.01389235071018491
2020-05-03,-0.007931398137814388,0.0599371913897,6910.123173425962,0.64,-0.007270136637877537
2020-05-04,0.011217116767010265,0.0606132987627,6936.356507665477,0.64,0.0037963627537638805
2020-05-05,0.03580568730709956,0.0628229220602,7034.92978235145,0.66,0.0142111026988071
2020-05-06,0.032116728913669956,0.064873338914,7305.190491026156,0.72,0.038416973166201386
2020-05-07,0.016497986249393477,0.0659524958482,7906.923616568444,0.63,0.08237062760806428
2020-05-08,0.030654336548462488,0.0680055323223,7791.91777535137,0.69,-0.014544954117943739
2020-05-09,-0.01790883071523257,0.0667984735232,7566.603299351785,0.69,-0.02891643398911834
2020-05-10,-0.04963542076356865,0.0635638433606,6923.795701526345,0.69,-0.08495325741214795
2020-05-11,0.01000355265609312,0.0642028986973,6799.19472968891,0.73,-0.017996049740457563
2020-05-12,0.01008713236781099,0.0648537991754,6960.428922002935,0.69,0.023713718862910384
2020-05-13,0.01905004245150868,0.0661011097415,7351.717391261176,0.64,0.05621614323527117
2020-05-14,-0.03352468150887213,0.0639218251068,7773.185796117204,0.63,0.05732924464112531
2020-05-15,0.002681341817358467,0.064093451361,7428.354865343167,0.64,-0.04436159636712704
2020-05-16,0.015567273529199186,0.0650990183103,7448.590232980073,0.64,0.0027240712114217107
2020-05-17,0.029960924077204486,0.0670789573504,7700.5219718848675,0.64,0.033822741085865915
2020-05-18,0.04177225025868405,0.0699403435519,7707.808290192141,0.73,0.000946210962565398
2020-05-19,0.0077512562767566295,0.070484575595,7712.985169362826,0.70,0.0006716408836053673
2020-05-20,0.007041459389946198,0.0709826413687,7534.203391250885,0.68,-0.023179323463772505
2020-05-21,-0.02584636936935403,0.0691715042842,7182.7990158422135,0.68,-0.04664121170616934
2020-05-22,0.04484933546194592,0.0723444200333,7225.026238429232,0.66,0.005878936956732739
2020-05-23,0.03351114336717274,0.0748098431206,7248.7860410011035,0.66,0.0032885420464628234
2020-05-24,-0.01494639892040188,0.0737000199527,6894.2670305339225,0.66,-0.0489073630345723
2020-05-25,0.07324610339363082,0.0793008758477,6981.598417702633,0.66,0.012667247552485243
2020-05-26,-0.016091914298986962,0.0780349855654,6934.948727137621,0.69,-0.006681806625646984
2020-05-27,0.027654255054000595,0.0802231008622,7221.697302262089,0.68,0.041348333838774065
2020-05-28,-3.0730610675462535e-05,0.0802206355952,7487.948612570995,0.70,0.03686824567203982
2020-05-29,-0.0027422867808249056,0.0800009489662,7408.263494166112,0.65,-0.010641782219379154
2020-05-30,0.06479818636474063,0.0853565068033,7533.142964846577,0.65,0.01685678037488896
2020-05-31,-0.002003281977447819,0.085185684811,7364.379523858868,0.65,-0.022402792801788574
2020-06-01,0.09588032419541832,0.0937576934794,7934.236297601477,0.66,0.07738014749191109
2020-06-02,-0.0376549784724122,0.0902928924388,7388.655009636187,0.68,-0.0687629240548608
2020-06-03,0.060187054361277095,0.095894228841,7462.835378737976,0.77,0.010039766236892027
2020-06-04,0.028151830341641666,0.0986321853226,7588.446970186532,0.82,0.016831617619012546
2020-06-05,0.020869476423276728,0.100712216476,7476.507314191055,0.91,-0.014751326119199994
2020-06-06,0.0344112314595763,0.104238166076,7463.41286284715,0.91,-0.0017514128982460768
2020-06-07,0.03531644261483326,0.107985264931,7547.079015593134,0.91,0.011210173453283498
2020-06-08,0.009488760025832266,0.10901478792,7552.741129772111,0.88,0.000750239154417068
2020-06-09,0.07637843993633313,0.117667397813,7583.030631380219,0.84,0.004010398488134372
2020-06-10,-0.022557034122749526,0.115042882232,7642.174377043253,0.75,0.007799486582354576
2020-06-11,-0.09006470138586872,0.105134475149,7245.020993224081,0.66,-0.051968636702690606
2020-06-12,0.03462690709170353,0.108838720008,7353.433641635782,0.71,0.014963745241469088
2020-06-13,0.0048208499683219,0.109364681921,7341.415733862447,0.71,-0.0016343259977608538
2020-06-14,0.024462735010122486,0.11207303293,7286.278738484938,0.71,-0.007510403630077591
2020-06-15,-0.011146637606867285,0.110830732048,7361.462272355103,0.71,0.010318509155168286
2020-06-16,0.02670840139166572,0.113830727941,7426.203001043171,0.75,0.008794547372903389
2020-06-17,0.01758064466291408,0.115849640412,7365.359237975924,0.74,-0.008193118752436496
2020-06-18,0.0017624357798116425,0.116053997994,7311.2362953965585,0.71,-0.007348309950763367
2020-06-19,-0.0017613725919235282,0.115849763582,7226.713437435551,0.70,-0.0115606792813175
2020-06-20,0.026794028843084586,0.118995804834,7253.432503363693,0.70,0.0036972637921040556
2020-06-21,0.001157087559481867,0.119133573089,7233.259260253427,0.70,-0.002781199535655886
2020-06-22,0.0435830671375907,0.124440587565,7487.270727097137,0.71,0.035117152269032635
2020-06-23,0.002294530194772606,0.124726448083,7460.09813150884,0.72,-0.003629172308402909
2020-06-24,-0.055505200726131625,0.11799210591,7212.238375048772,0.69,-0.033224731376279876
2020-06-25,-0.014239165602821006,0.116323901877,7180.071349144558,0.68,-0.0044600613889160855
2020-06-26,-0.014892595601437686,0.114604372953,7100.042812497723,0.64,-0.011145924985323293
2020-06-27,-0.014618709085997989,0.112941191368,7040.563304371197,0.64,-0.008377344995980697
2020-06-28,0.05558244008218631,0.119396476796,7113.372284377292,0.64,0.010341357198065547
2020-06-29,0.05764580677970918,0.126481430096,7135.290471744956,0.64,0.003081265325561839
2020-06-30,-0.012301083004953842,0.124935101781,7096.142749531155,0.66,-0.005486493138411533
2020-07-01,0.009069186982588797,0.126073315113,7145.966646054452,0.69,0.007021264690114859
2020-07-02,-0.013543050331475964,0.124377407662,7051.5412568798965,0.68,-0.01321380211404868
2020-07-03,0.003672683663645261,0.124835046402,7034.037995919928,0.68,-0.0024821893997842275
2020-07-04,0.026091852416528474,0.128135088904,7050.035141818575,0.68,0.0022742478655824174
2020-07-05,0.016196605591728457,0.130227340349,7004.78191126266,0.68,-0.006418865955360494
2020-07-06,0.041681799266444886,0.135770165192,7189.90370562455,0.69,0.026427916915477523
2020-07-07,0.017561208437001385,0.138175511944,7073.0250215458545,0.65,-0.016255945679392453
2020-07-08,0.037243009625995596,0.143418612264,7136.891714333919,0.67,0.009029614994081494
2020-07-09,-0.005643310356818034,0.142611535957,7015.478244717123,0.62,-0.017012093566299426
2020-07-10,0.004074530015510671,0.143193796354,7038.775372716518,0.65,0.003320818223182264
2020-07-11,0.011923498286784946,0.144911386834,6991.664177772623,0.65,-0.006693095382260165
2020-07-12,-0.0028430603707840668,0.144499980117,7004.231073996425,0.65,0.0017974113035568984
2020-07-13,-0.014161113730003269,0.14246812012,6998.655755717276,0.64,-0.0007959929106061755
2020-07-14,-0.013909478070106061,0.140500181158,6979.627030831343,0.63,-0.0027189113952902095
2020-07-15,0.017774768778465632,0.143019866464,6934.662582244593,0.64,-0.0064422423129670454
2020-07-16,-0.008285415722992328,0.141839782906,6907.504957113229,0.62,-0.003916214352072225
2020-07-17,0.0028485747516924405,0.142244400148,6928.340841238132,0.64,0.003016412475165477
2020-07-18,0.018472929973887928,0.144896491522,6916.7414045819505,0.64,-0.0016742012152665498
2020-07-19,-0.0021642358734652463,0.144583240434,6929.410351330463,0.64,0.0018316351598918585
2020-07-20,-0.019351871015180433,0.141812183263,6941.313667721986,0.62,0.001717796434041212
2020-07-21,0.013338426624319423,0.1437164061,7090.118971796493,0.61,0.021437628552426653
2020-07-22,0.019852356181017015,0.146598024197,7158.2124609488565,0.60,0.009603998102603116
2020-07-23,-0.0017704599002206747,0.146338707896,7160.931822902967,0.59,0.0003798939985290531
2020-07-24,0.0012888838637514209,0.146527443098,7120.310162829681,0.59,-0.005672677952800055
2020-07-25,0.024866014803092563,0.150216674821,7121.226595373819,0.59,0.00012870682922241325
2020-07-26,0.020405482681934286,0.153313406276,7312.819538156486,0.59,0.02690448621690143
2020-07-27,0.07267825320042604,0.164870857644,8269.228102900404,0.62,0.1307851998471472
2020-07-28,-0.033544207394216714,0.159432124369,8181.389933927654,0.59,-0.010622293626407686
2020-07-29,0.024965323663789268,0.163462499434,8340.84889241789,0.58,0.019490448417446758
2020-07-30,-0.006849927751834301,0.162346619335,8287.317744659058,0.55,-0.006417949593535107
2020-07-31,0.012952991569472223,0.164463171978,8421.38558611298,0.55,0.016177470875944695
2020-08-01,0.05295788803564147,0.173407541378,8624.320231439553,0.55,0.02409753635568195
2020-08-02,-0.05750072227981012,0.163717737523,8062.229206951733,0.55,-0.06517511054827756
2020-08-03,-0.003754037028917336,0.163104287252,8140.599893319588,0.56,0.009720721695716436
2020-08-04,-0.04066402962610382,0.156604851877,8095.39552927533,0.52,-0.005552952440440417
2020-08-05,0.04413198074386032,0.163670906884,8548.892559471591,0.55,0.05601913193200785
2020-08-06,-0.007833440798416772,0.16239380909,8586.775432172613,0.55,0.004431319312704502
2020-08-07,-0.0020552189067231737,0.162060396998,8493.087517500417,0.57,-0.01091072142415304
2020-08-08,0.031910958591313245,0.167315298164,8550.800917408633,0.57,0.006795337948572285
2020-08-09,-0.00035227163893286503,0.16725636811,8478.75126627434,0.57,-0.008426070473422807
2020-08-10,0.008589922774782942,0.168699275756,8631.725115654082,0.59,0.018042025833240605
2020-08-11,-0.044933065072521663,0.161286878174,8297.791847656557,0.64,-0.038686735678354685
2020-08-12,0.008859127784253852,0.162722087201,8378.477123939192,0.69,0.009723704542603304
2020-08-13,0.008100084138263077,0.16404550245,8413.979586792457,0.71,0.004237340787364108
2020-08-14,0.0048615008551152715,0.164844951487,8370.77396054805,0.71,-0.005134981110749071
2020-08-15,0.009526711050413894,0.166422886037,8428.93388276009,0.71,0.006947974283638701
2020-08-16,0.012544393087569118,0.168523709366,8427.040628650357,0.71,-0.00022461370987915798
2020-08-17,0.007807603029548657,0.169844625474,8762.583675278463,0.69,0.039817423626429836
2020-08-18,-0.01940072847592714,0.166581274066,8577.947829234186,0.67,-0.02107093671073099
2020-08-19,-0.02484422156099837,0.162493678795,8463.238782297954,0.68,-0.013372551246499345
2020-08-20,0.007277777214248968,0.16368058537,8518.89001403096,0.65,0.006575642394659546
2020-08-21,0.03093022350195623,0.168822370832,8408.010653459349,0.64,-0.0130157051433917
2020-08-22,-0.003357399741288797,0.168256517078,8423.66105992896,0.64,0.0018613685346808937
2020-08-23,0.018128817057794847,0.171334625626,8417.399368882296,0.64,-0.0007433455598600334
2020-08-24,0.01591090852669323,0.174082517943,8457.213518213031,0.65,0.004729982217301217
2020-08-25,-0.028283226832785367,0.169227878647,8209.30543179557,0.69,-0.02931321124665692
2020-08-26,0.004438908112174922,0.169980735345,8304.849309108075,0.69,0.011638484900616804
2020-08-27,-0.012770171938773726,0.167823853317,8213.012151424322,0.74,-0.011058256961150778
2020-08-28,0.03107823178256012,0.17312141497,8336.717545848325,0.74,0.01506212241541004
2020-08-29,0.004774400213601504,0.173949942177,8259.759350789143,0.74,-0.009231234551961877
2020-08-30,0.024915072644452207,0.17833835948,8336.227199184552,0.74,0.009257878486266396
2020-08-31,0.0008605097118796741,0.178491887417,8296.108536102276,0.72,-0.004812568338612486
2020-09-01,0.007516482435517442,0.179838573384,8396.425107335748,0.68,0.012092003232229098
2020-09-02,-0.032669091630529556,0.174058342084,7927.8095574402705,0.66,-0.05581131778166638
2020-09-03,-0.12082427750984838,0.154248704622,7158.907751535653,0.63,-0.09698792589978415
2020-09-04,0.01439210753899682,0.156484720461,7374.843195857947,0.72,0.030163182962648673
2020-09-05,-0.04404031396606572,0.149742635688,7321.888934453149,0.72,-0.007180391501007008
2020-09-06,0.006933779457834767,0.150784526044,7312.310732468789,0.72,-0.001308159966656936
2020-09-07,-0.005101482818697105,0.150017260136,7401.515890694132,0.72,0.012199311748233915
2020-09-08,-0.011507236354720823,0.148300870457,7252.863075269509,0.69,-0.020084104070022122
2020-09-09,0.01681907000769155,0.150816247031,7290.190477366621,0.71,0.0051465747677478454
2020-09-10,0.00034871957722453997,0.15086884878,7344.015236755657,0.68,0.007383176002896187
2020-09-11,0.055475358376828515,0.159474855919,7350.385587658505,0.67,0.0008674207089012616
2020-09-12,0.0241232367816967,0.163368682655,7330.879470069379,0.67,-0.0026537543311846525
2020-09-13,-0.021096873254312865,0.159958215849,7312.927949916539,0.67,-0.0024487539627588927
2020-09-14,0.0490841363541428,0.168005508329,7586.43346771561,0.68,0.037400275193767374
2020-09-15,0.00920835996935333,0.169559708361,7747.7467024318985,0.68,0.021263382247107752
2020-09-16,-0.0038749047675881495,0.168903951956,7912.9849045473675,0.69,0.02132725919700024
2020-09-17,-0.013006363489849484,0.166721350385,7803.172600024166,0.69,-0.013877481866557765
2020-09-18,-0.0027109962703599725,0.166269981532,7810.836646583073,0.70,0.0009821705800642378
2020-09-19,0.00929006888894388,0.167821838382,7950.830165475538,0.70,0.01792298638759859
2020-09-20,-0.050432191699399755,0.159568091833,7882.884787357856,0.70,-0.008545696072432442
2020-09-21,-0.04690950456680678,0.152255683296,7614.033867275891,0.68,-0.03410565133631458
2020-09-22,0.0025613736766351303,0.152646166869,7664.069864425604,0.68,0.0065715490660950265
2020-09-23,-0.033088583556398016,0.14767797,7514.459076269336,0.68,-0.01952106267333464
2020-09-24,0.046714073883648184,0.15474028,7830.873698402025,0.67,0.04210743832938376
2020-09-25,-0.00460726715587339,0.15402899,7717.119654198224,0.66,-0.014526354093415334
2020-09-26,0.0024050937045096343,0.15439989,7764.287531403967,0.66,0.006112109092423118
2020-09-27,0.0012399054584601931,0.15459145,7772.054653423841,0.66,0.0010003650674268625
2020-09-28,-0.011444850510663272,0.15283226,7728.010604255597,0.67,-0.005666976254321764
2020-09-29,0.006620286944226292,0.15384741,7827.237225085629,0.66,0.012839866029090373
2020-09-30,-0.01204864145314074,0.15200488,7777.835074973677,0.69,-0.006311569292115196
2020-10-01,-0.01675002097678823,0.14948,7662.508184353954,0.68,-0.014827633847727725
2020-10-02,-0.016912211305517073,0.14697322,7671.409627462561,0.70,0.001161687908768943
2020-10-03,0.0001743703071175321,0.14699885,7643.493974820995,0.70,-0.0036389208759797344
2020-10-04,0.012804372470062544,0.14889318,7703.8032205376385,0.70,0.00789027189859929
2020-10-05,0.007467022821675742,0.15000913,7798.871813846747,0.78,0.01234047529351008
2020-10-06,-0.01891957773791776,0.1471977,7704.844057276186,0.76,-0.01205658444130554
2020-10-07,0.0026168585442179677,0.1475834,7749.252253519435,0.81,0.005763672296691284
2020-10-08,0.020404976548126036,0.15062577,7922.494036982404,0.78,0.02235593548839365
2020-10-09,0.011893871541127376,0.15242799,7987.064964105798,0.79,0.008150328270614644
2020-10-10,0.012422002449848868,0.15433326,8170.641756156384,0.79,0.02298426178772649
2020-10-11,-0.0011439591507272698,0.15415681,8218.271518101314,0.79,0.005829378323806912
2020-10-12,0.0036651854340119723,0.15472286,8326.301978863046,0.79,0.013145155952050026
2020-10-13,-0.05017312006059452,0.14715146,8241.265076859192,0.74,-0.01021304562574441
2020-10-14,-0.057918824056916826,0.13887074,8272.339124750355,0.73,0.0037705434300877435
2020-10-15,0.004765371745319853,0.13953409,8344.048085357525,0.74,0.00866852283565364
2020-10-16,-0.024045279680432637,0.13621897,8229.807443426935,0.76,-0.013691273200002763
2020-10-17,-0.01897046257474978,0.13365919,8250.70669168423,0.76,0.0025394577456350803
2020-10-18,-0.09860529047334327,0.12110863,8330.519894627381,0.76,0.009673499001436254
2020-10-19,-0.09254544116190334,0.11040357,8563.778603545485,0.78,0.02800049839248801
2020-10-20,-0.04151011658652446,0.10591452,8797.544048716432,0.81,0.027296997738144074
2020-10-21,-0.042624492466193396,0.10149483,9519.826894926617,0.83,0.08210050921149589
2020-10-22,-0.054360722087387646,0.09612478,9549.812686893609,0.87,0.00314982533799773
2020-10-23,0.04714581955644037,0.10076519,9529.809582139214,0.85,-0.0020946070263605393
2020-10-24,0.010147594871220036,0.10179292,9663.237141390515,0.85,0.014001072959670733
2020-10-25,-0.051748646333211655,0.09665925,9630.8654652677,0.85,-0.003349982583388923
2020-10-26,-0.005254042463595023,0.09615273,9723.419528384115,0.81,0.00961015014177049
2020-10-27,0.023317245593827366,0.09842109,10217.354611876695,0.79,0.050798495534488716
2020-10-28,-0.09714646136746433,0.08930957,9958.00894053843,0.79,-0.025382858987472275
2020-10-29,0.0105507348209976,0.09025684,10145.51850302014,0.85,0.01883002552029953
2020-10-30,-0.07051893756982443,0.08411126,10278.914469844232,0.88,0.013148265096986774
2020-10-31,0.0004731897001880026,0.08415107,10476.858516668626,0.88,0.01925729097222398
2020-11-01,0.0006523041588935534,0.08420598,10391.508591576843,0.88,-0.008146518821075205
2020-11-02,-0.0519337965333013,0.07994446,10304.421007311947,0.87,-0.008380648824703671
2020-11-03,-0.00759779506613345,0.07933936,10668.501409493821,0.90,0.03533244632799125
2020-11-04,-0.030410471146306715,0.07696293,10797.885770057239,0.78,0.012127697752214686
2020-11-05,0.032609606718986446,0.07951403,12070.863789973291,0.79,0.11789141384010995
2020-11-06,-0.0051426098172852475,0.07910617,11836.877135751092,0.83,-0.01938441674874675
2020-11-07,-0.07658558087193537,0.07327396,11270.289183280163,0.83,-0.04786633720811844
2020-11-08,0.020217861290179454,0.07477048,11768.773370380386,0.83,0.04422993758134796
2020-11-09,-0.06169090145152156,0.07029722,11682.23463092582,0.96,-0.0073532505666535596
2020-11-10,-0.006475371580801387,0.06984349,11605.88438574334,0.98,-0.006535585664437906
2020-11-11,0.011709226968450356,0.07066611,11944.678380587076,0.98,0.029191570722513
2020-11-12,0.01945819512919785,0.07205461,12501.877695169795,0.88,0.04664833131784433
2020-11-13,-0.022962752708360172,0.07041889,12439.176385562807,0.89,-0.00501535138447346
2020-11-14,-0.04012956978123748,0.06764896,12261.616499820362,0.89,-0.014274247766799482
2020-11-15,-0.05618416813924216,0.06395296,12216.374844695232,0.89,-0.003689697449418086
2020-11-16,0.011476284712532744,0.06469113,12827.53131691985,0.91,0.050027645680011494
2020-11-17,-0.005072579195453409,0.06436381,13560.847284254107,0.87,0.057167349602724654
2020-11-18,0.02244651565154626,0.06582489,13741.953445665176,0.88,0.013355077128650885
2020-11-19,0.01368851179903119,0.06673213,13755.830494549191,0.86,0.001009830875856447
2020-11-20,0.14295743416886053,0.07698757,14296.460595105333,0.83,0.03930188735390196
2020-11-21,-0.05620196366527896,0.07278006,13908.557224291271,0.83,-0.027132825515349412
2020-11-22,-0.025551746977228923,0.07094396,13685.366409187225,0.83,-0.016047014187369753
2020-11-23,0.018168975128570224,0.07224472,13219.816952431314,0.86,-0.034018048390971785
2020-11-24,0.11582086094484555,0.08111599,13740.551047707224,0.88,0.039390416459596976
2020-11-25,-0.035906613815826195,0.07825506,13624.902533299954,0.88,-0.008416584895739512
2020-11-26,-0.20571436377944768,0.06370475,12586.35486866389,0.88,-0.0762242270796287
2020-11-27,0.008600258042285149,0.06425499,12492.355797602828,0.84,-0.007468331541730982
2020-11-28,0.014737956733962611,0.06520899,12859.063995695542,0.84,0.029354607252147124
2020-11-29,0.014769022417944934,0.06617921,13171.611003817297,0.84,0.024305579957170892
2020-11-30,0.0595221132242694,0.07023793,14253.857358648289,0.84,0.08216507111524497
2020-12-01,-0.0686657411793443,0.06557685,13708.537842121726,0.92,-0.03825768020582155
2020-12-02,0.018053904999344644,0.06677152,13978.369410758201,0.95,0.019683468196540498
2020-12-03,-0.0072529731266269045,0.06628898,14133.467526415532,0.92,0.011095579970719777
2020-12-04,-0.052373059436681114,0.06290657,13769.259591141275,0.97,-0.025769184709523683
2020-12-05,0.020657694574983468,0.06421959,14019.41798793933,0.97,0.01816789022984209
2020-12-06,-0.006510914336148453,0.06380282,14133.697776698935,0.97,0.008151535881012844
2020-12-07,0.005950803757299731,0.06418363,14054.175341200138,0.94,-0.005626442333435123
2020-12-08,-0.06033120024233929,0.06042585,13507.151832127696,0.92,-0.03892249070415607
2020-12-09,-0.0006572195051650208,0.06038615,13602.865619463744,0.95,0.007086156173086475
2020-12-10,-0.0201526396496957,0.05918139,13426.54858949016,0.92,-0.01296175636119646
2020-12-11,-0.010324075587198032,0.05857354,13337.245988731363,0.90,-0.006651195589363819
2020-12-12,0.01381586232869486,0.0593884,13956.160225611999,0.90,0.04640495027260918
2020-12-13,0.019843104441834587,0.06057862,14147.88718888867,0.90,0.013737801814916005
2020-12-14,0.0026245427476073334,0.06073782,14272.576690211696,0.90,0.008813294851612431
2020-12-15,0.01483301708202368,0.06164546,14456.645888478659,0.92,0.01289670409640889
2020-12-16,0.05103809299487163,0.0648734,15853.095115826884,0.92,0.09659565836506628
2020-12-17,0.02408223224731479,0.06645466,17199.818336550914,0.94,0.08495017603089594
2020-12-18,-0.025296255059977957,0.06479469,17435.724992273488,0.95,0.01371564810200668
2020-12-19,0.017524311838026236,0.06594018,18091.877349244503,0.95,0.03763263972457608
2020-12-20,0.0016822314636202066,0.0660512,17855.814582418414,0.95,-0.013047997301172684
2020-12-21,-0.10634356979360741,0.05938767,17448.721514198256,0.95,-0.02279890768024657
2020-12-22,0.02570386158664491,0.06093395,18349.81362774357,0.93,0.051642300142854765
2020-12-23,-0.09452899947860116,0.05543779,18469.639082773218,0.96,0.00653006387206465
2020-12-24,0.045024438072042546,0.05799089,18593.48078966346,0.94,0.006705150346210605
2020-12-25,0.0003777466089317419,0.0580128,19419.23959231902,0.94,0.04441120046304717
2020-12-26,0.020656941800826552,0.05922363,21122.36438265646,0.94,0.08770295985281955
2020-12-27,-0.040506411580826795,0.05687263,20807.35686879412,0.94,-0.014913458936490646
2020-12-28,0.0418318614807235,0.05930218,21369.45749865822,0.94,0.027014513828381163
2020-12-29,-0.021568258534707466,0.05803683,21657.236591477405,0.94,0.01346684130082646
2020-12-30,0.015255859792434535,0.05892902,23046.257065918533,0.93,0.06413655170520405
2020-12-31,-0.006878971966318364,0.05852504,23170.61056129895,0.93,0.005395821760762752
2021-01-01,0.01798021529801476,0.05958685,23555.243422071697,0.93,0.01660003130928224
2021-01-02,0.036766627926246576,0.06181843,25982.07071893055,0.93,0.10302705233709755
2021-01-03,-0.03381496702947344,0.05976299,25730.238133265524,0.93,-0.009692552544764683
2021-01-04,0.09060896790261018,0.06543096,24700.530927264488,0.93,-0.04001934224890719
2021-01-05,0.013910992315108733,0.06634753,26327.49286050957,0.96,0.06586748835626195
2021-01-06,0.14670375377662045,0.07683116,28312.957447579403,1.04,0.0754141154871594
2021-01-07,0.01271904423333748,0.07781462,30613.656005900066,1.08,0.08125956331408817
2021-01-08,0.04849624793885169,0.08168134,31992.056539181645,1.13,0.04502567524166095
2021-01-09,0.014269288805104014,0.08285523,31147.249761713552,1.13,-0.02640676683080478
2021-01-10,-0.06235156143548659,0.07784684,29525.37462552648,1.13,-0.05207121490966091
2021-01-11,-0.15156347265951384,0.06689872,27745.347103496188,1.15,-0.06028805881742655
2021-01-12,-0.02860381260502722,0.06501227,26347.81826398747,1.15,-0.05036984523190977
2021-01-13,0.09123486449492593,0.07122265,29010.888179555786,1.10,0.10107364066679614
2021-01-14,0.07415392357433337,0.07670484,30354.9834937927,1.15,0.04633071920852494
2021-01-15,-0.06397516912511066,0.07195131,28333.14549202909,1.11,-0.06660646025971512
2021-01-16,0.06339028925038923,0.07665999,27314.886291761573,1.11,-0.03593879827264433
2021-01-17,0.04597628097297279,0.08026681,26927.041145289306,1.11,-0.014199039393008393
2021-01-18,0.05822179291905315,0.08507881,27599.828048255935,1.11,0.02498554888881017
2021-01-19,0.022253905455838167,0.08699337,26728.078998461697,1.10,-0.031585307280540285
2021-01-20,-0.02725753982262842,0.08465417,26182.421091913217,1.10,-0.020415156157682898
2021-01-21,-0.1640350934777476,0.07184703,22931.78496207285,1.12,-0.1241533820890372
2021-01-22,0.026887475419511076,0.07380502,24427.168975770182,1.10,0.06521010100916991
2021-01-23,-0.017608216020483288,0.07251682,23490.796230977074,1.10,-0.038333248757640166
2021-01-24,0.001982538583080344,0.07266073,23194.578871910388,1.10,-0.012609932679764485
2021-01-25,-0.021261096567657043,0.07113219,23528.80065491074,1.05,0.014409478389155425
2021-01-26,-0.009153817633308876,0.07048403,23602.983402170074,1.05,0.0031528486448309224
2021-01-27,-0.07616581833501433,0.06531491,22104.913037031398,1.04,-0.06346953432170536
2021-01-28,0.06442171479807135,0.0696611,24382.471337421895,1.07,0.10303403123889261
2021-01-29,-0.02261565148822968,0.06810335,24929.55951278419,1.11,0.022437765548508303
2021-01-30,-0.03464656438063696,0.06578421,24701.10857884349,1.11,-0.009163857621453313
2021-01-31,-0.04690752627681766,0.06276969,23796.192472362916,1.11,-0.03663463538861713
2021-02-01,-0.02597517197062603,0.06116023,24074.041324423142,1.09,0.011676189473711886
2021-02-02,0.01916484123252091,0.06234366,25401.0239332084,1.12,0.055120891042046635
2021-02-03,0.07774814094979732,0.06738417,26556.792746851013,1.15,0.0455008749521945
2021-02-04,-0.05750597249927445,0.06361849,26154.46549246944,1.15,-0.015149692894646663
2021-02-05,0.06223992938832629,0.06770392,26713.16230072189,1.19,0.02136143093474093
2021-02-06,-0.0006871977666047319,0.06765741,27779.685674518707,1.19,0.03992501381118753
2021-02-07,-0.030095367824401465,0.06565157,27546.861420413014,1.19,-0.008381097498135287
2021-02-08,0.06334427249306697,0.06994476,33589.00981039266,1.19,0.2193407189939337
2021-02-09,0.02907796333095024,0.07200847,33676.20690398403,1.18,0.0025960007181989376
2021-02-10,0.019550727053361854,0.07343014,32009.75597487166,1.15,-0.04948451985295354
2021-02-11,0.08564953072601587,0.07999659,34435.41381453678,1.16,0.07577870451650169
2021-02-12,0.08507643421415255,0.08710031,33571.250578379455,1.20,-0.025095189528186387
2021-02-13,0.049685550282770295,0.09153725,33147.789998660046,1.20,-0.012613786273190727
2021-02-14,-0.026820342650535005,0.08911482,34904.67281951757,1.20,0.05300150691580166
2021-02-15,-0.037465016707898584,0.0858379,34361.11804622745,1.20,-0.015572550302954836
2021-02-16,-0.014630273398994679,0.08459121,35482.430289240416,1.30,0.03263317105992936
2021-02-17,0.18006343595192734,0.10128049,37812.659591350544,1.29,0.0656727648899726
2021-02-18,0.17312762633575057,0.12042431,37057.41820128988,1.29,-0.019973241719115156
2021-02-19,0.13357634723804185,0.13763397,40616.229707666294,1.34,0.09603506339933143
2021-02-20,0.008345423770862809,0.13878739,40722.47488153494,1.34,0.00261583053457543
2021-02-21,0.012978417150561557,0.14060037,41928.298145111985,1.34,0.029610755905305052
2021-02-22,0.44889055164715713,0.22026077,39378.03380935694,1.37,-0.06082441807985375
2021-02-23,-0.3249537616833334,0.15915179,35767.65028791121,1.37,-0.09168521564395213
2021-02-24,0.00618316271538908,0.1601389,36233.86663742352,1.38,0.0130345814097238
2021-02-25,-0.029366250455942707,0.1555046,34549.60461338004,1.54,-0.04648308834652266
2021-02-26,-0.003375494428141498,0.15498058,33789.76769198877,1.44,-0.02199263724995022
2021-02-27,-0.024570437003823196,0.15121904,33392.8194591723,1.44,-0.011747586915508135
2021-02-28,-0.11898252079276712,0.13425579,32685.658824796188,1.44,-0.02117702685275562
2021-03-01,0.10796215576930686,0.1495617,36084.09474285225,1.45,0.10397330328486201
2021-03-02,0.018069241756381516,0.15228873,35176.89296324511,1.42,-0.02514132018752782
2021-03-03,0.03495016009165282,0.15770535,36810.89667501628,1.47,0.04645105278281605
2021-03-04,-0.044650097986614554,0.15081868,35255.05914808206,1.54,-0.0422656785752838
2021-03-05,0.007734303223168217,0.15198968,35486.25844076391,1.56,0.00655790397941871
2021-03-06,0.015077191908306756,0.15429862,35132.18240744922,1.56,-0.00997783505143936
2021-03-07,0.03502533273222955,0.15979874,36854.514121165885,1.56,0.04902433027762813
2021-03-08,0.0021771823242301516,0.16014703,37425.12774506312,1.59,0.01548286926321255
2021-03-09,0.06677272586518182,0.17120558,39463.419671839336,1.55,0.05446319223439652
2021-03-10,0.00974786831290031,0.17288263,40988.696376531174,1.53,0.03865039363986641
2021-03-11,0.09584175498464062,0.19027201,42584.204404799246,1.54,0.03892556166244919
2021-03-12,0.0008256344723053812,0.19042917,42512.965118675034,1.64,-0.0016729040056031393
2021-03-13,0.04042457097048535,0.1982849,45412.88058664701,1.64,0.06821249611446419
2021-03-14,-0.06421356684256546,0.18595251,44050.38463696247,1.64,-0.0300024119167009
2021-03-15,-0.059021562964950314,0.17529491,41251.54939138198,1.62,-0.06353713522928021
2021-03-16,0.10120926374017353,0.19396525,41725.70916210229,1.62,0.011494350581153431
2021-03-17,0.0175051835446309,0.19739054,43341.18363750323,1.63,0.03871652532315028
2021-03-18,0.11587470783988373,0.22164099,42713.91029033484,1.71,-0.014472916854665882
2021-03-19,0.09266235606951842,0.24316039,42839.22977194714,1.74,0.002933926694149012
2021-03-20,-0.11275061844021579,0.21723303,42878.43249834357,1.74,0.0009151127740887921
2021-03-21,0.023900002253526037,0.22248744,42281.13340024905,1.74,-0.013930059083143938
2021-03-22,-0.025314645609680865,0.21692594,39950.8264822097,1.69,-0.05511458020720003
2021-03-23,-0.010804499388649736,0.21459478,40222.77207283479,1.63,0.00680700787870293
2021-03-24,0.019077900363807264,0.2187281,39084.964358813544,1.62,-0.02828765038771875
2021-03-25,-0.057026843608479205,0.20660372,38079.119084394435,1.63,-0.025734839238564993
2021-03-26,0.031127146582672093,0.21313584,40486.383937191604,1.67,0.06321745120894125
2021-03-27,-0.038049230721509536,0.20517853,41310.37336918086,1.67,0.02035226048509416
2021-03-28,-0.007368492186895601,0.20367223,41336.64620439862,1.67,0.000635986389737131
2021-03-29,0.07097757960650916,0.21865378,42417.982550024884,1.73,0.026159266532639076
2021-03-30,0.013287092108604917,0.22157844,43399.779919257606,1.73,0.023145781817295444
2021-03-31,-0.025493620418063835,0.216001,43047.27998979019,1.74,-0.008122159377840514
2021-04-01,0.024258306211108062,0.22130489,42917.167156679505,1.69,-0.0030225564342636303
2021-04-02,0.04160677353598939,0.23070691,42442.340087484175,1.72,-0.011063802684409674
2021-04-03,-0.06594790686779964,0.21598311,41287.29684175259,1.72,-0.027214410029012384
2021-04-04,0.05922512676096468,0.22916112,41809.25126716215,1.72,0.012642010142008697
2021-04-05,0.07434851943233488,0.24684827,41518.03264757092,1.73,-0.006965411021841431
2021-04-06,-0.06617503671400653,0.23104184,40448.96283119973,1.67,-0.025749529739187697
2021-04-07,-0.20233035744021807,0.18872076,39569.048312784595,1.68,-0.021753697915251002
2021-04-08,0.07465308871993835,0.20334856,40890.237036749444,1.64,0.03338944908457601
2021-04-09,0.03275553183622227,0.21011964,40981.51862107509,1.67,0.0022323564484013343
2021-04-10,0.023804124658168745,0.21518136,41594.58413486311,1.67,0.014959560660905879
2021-04-11,-0.007910793834624851,0.21348582,41776.3808801688,1.67,0.004370683084996062
2021-04-12,-0.019609590483896502,0.20934023,41359.75549139656,1.69,-0.009972749673249293
2021-04-13,0.07127244768181376,0.22480498,43443.33176447485,1.64,0.05037690016111701
2021-04-14,0.07524818055586657,0.24237387,42488.43672340692,1.64,-0.02198024420053305
2021-04-15,0.011577458952321724,0.24519625,42185.21913602988,1.56,-0.007136473138584467
2021-04-16,-0.03381962910052693,0.23704246,40629.142201873176,1.59,-0.03688678086841275
2021-04-17,0.005587072523083192,0.23837054,40371.11681376335,1.59,-0.006350746634713077
2021-04-18,-0.1432813223399827,0.20655052,37147.110526414115,1.59,-0.07985922961264487
2021-04-19,-0.05607373584962611,0.1952872,36985.40896701097,1.61,-0.004353005041621379
2021-04-20,0.0015515344832061656,0.19559043,37291.71552863724,1.58,0.008281821674582128
2021-04-21,-0.014334593682598585,0.19280672,35251.708070836525,1.57,-0.05470403892344792
2021-04-22,-0.09351594532355441,0.17559361,33713.38417387039,1.57,-0.04363827970760873
2021-04-23,-0.017209069817889028,0.17259766,33304.72672869288,1.58,-0.012121519544580137
2021-04-24,-0.03875268656828546,0.16603698,33040.2924765937,1.58,-0.007939841520193829
2021-04-25,0.014214164715987332,0.16841391,31884.913027822415,1.58,-0.034968802094889874
2021-04-26,0.1072689691026033,0.18748403,34914.21818486524,1.58,0.09500747749882485
2021-04-27,0.0341396964918456,0.19399519,35283.805174733796,1.63,0.010585572557049725
2021-04-28,-0.036581549784153476,0.18702678,34798.392660675156,1.63,-0.013757374287006801
2021-04-29,-0.013433206091110326,0.18453121,33749.487026870964,1.65,-0.03014235870122632
2021-04-30,0.07178712112970928,0.19826524,36878.15995012846,1.65,0.09270282895756253
2021-05-01,-0.020415211695123725,0.19425865,36284.29042965797,1.65,-0.016103556177249477
2021-05-02,-0.037841876978548225,0.18704489,35448.45340742941,1.65,-0.023035782492396895
2021-05-03,0.004248336749157578,0.18784121,34764.94363799446,1.63,-0.019281793808575608
2021-05-04,-0.12423305917967291,0.16589647,31953.49438861113,1.61,-0.0808702375202677
2021-05-05,0.10575521408664462,0.18440218,33893.729223599024,1.59,0.06072058383947625
2021-05-06,0.02976177083925377,0.1899728,33147.91506847841,1.58,-0.022004487915756675
2021-05-07,0.0009038261375681197,0.19014458,34036.69774903126,1.60,0.02681262693948502
2021-05-08,-0.04839279556747099,0.18116205,34670.7323331891,1.60,0.018627969987949
2021-05-09,-0.020423748210452074,0.17749957,34172.649538575584,1.60,-0.01436608808336939
2021-05-10,-0.12776270546171214,0.15621066,32926.08698001175,1.63,-0.03647837014091223
2021-05-11,0.1060680594952338,0.17369025,32791.0652044875,1.64,-0.004100753776366297
2021-05-12,-0.11942789532011802,0.15413759,28275.346040979715,1.69,-0.1377118777736383
2021-05-13,0.047802559198330555,0.16168471,28140.287138274412,1.66,-0.004776560559490972
2021-05-14,0.017239751678904486,0.16449628,27351.738632078246,1.63,-0.02802204904027574
2021-05-15,-0.0651327536459042,0.15412365,25695.75284067724,1.63,-0.060544077788856114
2021-05-16,-0.017737725536922544,0.15141395,25450.071262328296,1.63,-0.009561174559556844
2021-05-17,-0.05488406917415051,0.14332767,23965.439560085368,1.64,-0.05833507053634502
2021-05-18,0.030123238943954817,0.14771085,23193.152200752866,1.64,-0.03222504462712851
2021-05-19,-0.19722184432760217,0.12127186,21704.491399159953,1.68,-0.06418535905372058
2021-05-20,0.049339954114371226,0.12740548,23302.79410026146,1.63,0.07363926072754544
2021-05-21,-0.053799224060188666,0.12073228,21780.578479436834,1.63,-0.06532330905363608
2021-05-22,-0.022060320645510785,0.11809805,22543.110659228118,1.63,0.035009730366491174
2021-05-23,-0.19605554439783127,0.09707265,21125.5727132431,1.63,-0.06288120425850564
2021-05-24,0.22964415173915162,0.12213217,22577.22410057927,1.61,0.06871536251541092
2021-05-25,0.005233710109566952,0.12277305,22311.152824046225,1.56,-0.011784941999411684
2021-05-26,0.06310214348074758,0.13076995,22338.944500270958,1.58,0.001245640529824182
2021-05-27,-0.016224280937035318,0.12866542,22134.827853233506,1.61,-0.009137255658385118
2021-05-28,-0.12229082445380494,0.11385487,20794.622335981305,1.58,-0.06054736572330835
2021-05-29,-0.022828740977563745,0.11128515,20410.86166961062,1.58,-0.018454803370324194
2021-05-30,0.008052576727335418,0.1121849,20847.185843195533,1.58,0.021377057992340943
2021-05-31,0.11308974951622627,0.12561707,21217.81752197313,1.58,0.017778499293158598
2021-06-01,-0.020341611710204297,0.12308763,20809.262202979073,1.62,-0.019255294215390403
2021-06-02,0.05772974046909074,0.13040256,21175.68231764935,1.59,0.017608510628397925
2021-06-03,0.02246659828661604,0.13336542,22138.81970059771,1.63,0.04548318058897264
2021-06-04,-0.09421479121121773,0.12137417,20888.60598826843,1.56,-0.056471561232124955
2021-06-05,-0.01854331225826673,0.11914423,20045.96628093855,1.56,-0.04033968125030111
2021-06-06,0.04231776691930028,0.12429435,20103.46756807614,1.56,0.0028684717080595273
2021-06-07,-0.0711270680990435,0.11576074,18856.750046901576,1.57,-0.062015048744840574
2021-06-08,-0.013759746497755836,0.11417881,18853.38466057382,1.53,-0.00017847117448041236
2021-06-09,0.07500609671340787,0.12307228,21604.37130729963,1.50,0.1459147360674536
2021-06-10,-0.04669423738256322,0.11745762,21522.82772492133,1.45,-0.0037744020049657987
2021-06-11,0.004379383763868932,0.11797314,22442.986432631802,1.47,0.04275268656474059
2021-06-12,-0.047903740888446254,0.11245501,20977.679458076742,1.47,-0.06529019562318691
2021-06-13,0.06624624011882232,0.12015703,23399.482435289392,1.47,0.11544665757966939
2021-06-14,0.016636310559995454,0.12217272,24211.50853775705,1.51,0.03470273775128547
2021-06-15,-0.021165304488701773,0.11961407,24141.497830545093,1.51,-0.0028916292887234928
2021-06-16,-0.04753287546663251,0.11406148,23183.663768898106,1.57,-0.03967583405015926
2021-06-17,0.002708899817885928,0.11437088,22918.84712818769,1.52,-0.011422553542450921
2021-06-18,-0.0769929868408279,0.10589558,21534.710583707216,1.45,-0.0603929393454584
2021-06-19,0.023380294298253678,0.10840062,21597.24927856016,1.45,0.0029040880122280623
2021-06-20,-0.0019336838813448405,0.10819121,21494.40381346955,1.45,-0.0047619705530141535
2021-06-21,-0.1734354213474429,0.09096408,19764.478228855114,1.50,-0.08048260373383198
2021-06-22,-0.027116109488173726,0.08853063,20578.554039525556,1.48,0.04118883388896819
2021-06-23,0.06818006915491528,0.09477718,20998.353665484152,1.50,0.020399860221096213
2021-06-24,0.06167794429198754,0.10080688,21542.197362357503,1.49,0.025899349326956488
2021-06-25,-0.0597779213681097,0.09495743,19670.25365302071,1.54,-0.08689660009372105
2021-06-26,0.004327932965787005,0.09536929,20065.739378163333,1.54,0.020105776576088443
2021-06-27,0.10819958766975132,0.10626715,21635.79318866035,1.54,0.07824549999914976
2021-06-28,0.025961604987944826,0.10906214,21242.201890928387,1.49,-0.018191674060660332
2021-06-29,0.05609963928200827,0.11535536,22125.544633567766,1.49,0.04158433043688452
2021-06-30,-4.715973558136314e-05,0.11534992,21213.59785040572,1.45,-0.041216919098049504
2021-07-01,-0.028466389281138118,0.11211262,20473.137520133267,1.48,-0.03490498573104099
2021-07-02,0.015936540084899566,0.11391362,20627.892380607384,1.44,0.007558922530654184
2021-07-03,0.038684022257663896,0.1184066,21063.074621484066,1.44,0.021096786469848174
2021-07-04,0.03339300196593716,0.12242731,21310.428867775554,1.44,0.01174350139932516
2021-07-05,-0.05553382342793549,0.11581379,20411.378687911085,1.44,-0.04218827248587018
2021-07-06,0.059031085858567194,0.12285622,20498.09003305389,1.37,0.004248186585953691
