Date,WrappedBitcoin Return,WrappedBitcoin Price,Famala Index,US Treasury Yield,Famala Index Return
2019-02-01,0.004106874592379132,3480.77231412,2239.4485386065694,2.70,0.009937372614162684
2019-02-02,0.01746426340047519,3542.09536095,2255.7971093020055,2.70,0.00730026629931338
2019-02-03,-0.018299567037995852,3477.86602633,2227.5622101233803,2.70,-0.01251659515928796
2019-02-04,0.0009637242080886534,3481.21934559,2221.537435190416,2.73,-0.002704649461902342
2019-02-05,-0.005572868486906886,3461.8729256,2232.1242386768586,2.71,0.004765530086840533
2019-02-06,-0.004897152686866075,3444.96104912,2207.321705172183,2.70,-0.01111162769298976
2019-02-07,-0.014320626236950391,3395.9786162,2193.2150533102918,2.65,-0.006390845443524035
2019-02-08,0.07619301678261278,3664.8411371,2339.2862131720776,2.63,0.06660138486707715
2019-02-09,0.003574344096989848,3677.96397919,2340.621395859485,2.63,0.0005707649965571154
2019-02-10,0.0022606645258098808,3686.28802728,2342.0811434659868,2.63,0.0006236581486797242
2019-02-11,-0.01360179256527326,3636.48735917,2332.0336220426348,2.65,-0.004289997146931867
2019-02-12,0.00780773405232452,3664.99121582,2326.1228828552576,2.68,-0.0025345857501831255
2019-02-13,-0.00653500657720558,3641.11856305,2313.4451909874847,2.71,-0.005450138494923929
2019-02-14,-0.008077895065498143,3611.82446599,2310.2756603283224,2.66,-0.0013700478712484292
2019-02-15,0.004798049879047173,3629.19582092,2307.7601747515378,2.66,-0.001088824861889913
2019-02-16,0.004220375085528272,3644.54475489,2311.717588994636,2.66,0.001714829073833214
2019-02-17,0.016530295862479304,3705.2908502,2322.8078522725446,2.66,0.004797412681681234
2019-02-18,0.053528187065996845,3909.03267156,2460.1244509172184,2.66,0.059116641314230375
2019-02-19,-0.010101623254286683,3869.74387065,2480.758566479366,2.65,0.008387427536218543
2019-02-20,0.04687689737752008,4055.46445129,2494.0986196195677,2.65,0.005377408878258386
2019-02-21,-0.019103935245335168,3978.72447272,2483.582707825153,2.69,-0.004216317555245069
2019-02-22,0.009869970156220037,4018.18880002,2514.628034519616,2.65,0.012500218574016753
2019-02-23,0.03632729952929808,4166.84249427,2586.2430211564833,2.65,0.028479355854532328
2019-02-24,-0.12971511857639134,3659.92785254,2417.5186235349925,2.65,-0.0652391891408731
2019-02-25,0.05472048962450307,3865.78174586,2439.2805346215414,2.67,0.009001755301776248
2019-02-26,0.009984530559900279,3904.57309629,2431.651497737287,2.64,-0.0031275766669608906
2019-02-27,-0.0001993042529223061,3903.79497581,2438.2536676049403,2.69,0.0027150970744766094
2019-02-28,-0.012685657548285826,3854.58555645,2438.747862933309,2.73,0.0002026841320633276
2019-03-01,0.0009760968047664019,3858.34984195,2438.6994996819276,2.76,-1.9831181450351838e-05
2019-03-02,0.00342230863910114,3871.57692662,2449.6736016791815,2.76,0.004499981239461947
2019-03-03,-0.012320640134902309,3824.16926661,2441.4068420410035,2.76,-0.003374637189424479
2019-03-04,-0.016996184254039072,3759.72220956,2397.0252634906533,2.72,-0.018178690165891184
2019-03-05,0.04252105137102084,3923.0371054,2455.4574945307354,2.72,0.024376977552164194
2019-03-06,2.381698791295285e-05,3923.13054144,2457.835698502115,2.69,0.0009685380328011594
2019-03-07,-0.0063494757519918016,3898.29963424,2465.6856136522856,2.64,0.003193832344023052
2019-03-08,0.0008574908838030116,3901.64382424,2472.5477530720864,2.62,0.002783055301862372
2019-03-09,0.010083922819197691,3941.1867382,2505.2316168527227,2.62,0.013218698704616462
2019-03-10,0.009752369952858105,3979.81068069,2496.167815017595,2.62,-0.0036179496435201964
2019-03-11,-0.02024528073806171,3900.04842514,2469.6468403496006,2.64,-0.010624676156962382
2019-03-12,0.00252773726560257,3909.91919298,2464.2283675220087,2.61,-0.0021940273965749615
2019-03-13,-0.0020931868700820354,3901.74356101,2460.6169048337147,2.61,-0.0014655551960574586
2019-03-14,0.010176764452502275,3941.65341835,2472.9433655143134,2.63,0.00500950012022768
2019-03-15,0.006461497097151707,3967.20486186,2481.769402305507,2.59,0.003569041213913068
2019-03-16,0.018491014171685232,4041.24493155,2535.005003737605,2.59,0.02145066394268678
2019-03-17,-0.0024275223059863718,4031.44661696,2527.95071668313,2.59,-0.0027827507417437845
2019-03-18,0.010898617401052536,4075.62411073,2535.007902762146,2.60,0.0027916628407517272
2019-03-19,0.00015910834549122217,4076.27262813,2561.2530603944733,2.61,0.010353087106249513
2019-03-20,0.006383520212884315,4102.37682654,2573.2184645734706,2.54,0.004671699319377044
2019-03-21,-0.017536631377062416,4031.06209408,2545.6598690871247,2.54,-0.010709776828417842
2019-03-22,0.0009430341654034662,4034.86531636,2537.042244158477,2.44,-0.0033852224459735127
2019-03-23,0.0021918757135246576,4043.71893913,2535.43450177785,2.44,-0.0006337073749279012
2019-03-24,-0.0023587205804009945,4034.19217595,2536.036421368509,2.44,0.00023740293438332335
2019-03-25,-0.01499668673806113,3974.14404654,2500.6966966621653,2.43,-0.013935022544854986
2019-03-26,0.004390860003168424,3991.63232287,2514.4743131001114,2.41,0.005509511191955404
2019-03-27,0.022812210231117607,4083.73683816,2559.174752211354,2.39,0.01777725025002594
2019-03-28,0.000548171266171019,4085.97603903,2554.7180037347757,2.39,-0.0017414787609667695
2019-03-29,0.0027904903259701225,4097.39383886,2570.6606581063834,2.41,0.00624047521029753
2019-03-30,0.0007202491464664377,4100.34604631,2580.389364069898,2.41,0.003784515833638271
2019-03-31,0.00022059735799826507,4101.25067159,2580.3390144344257,2.41,-1.9512417844110392e-05
2019-04-01,0.010398262414919745,4144.11904434,2613.4373912344604,2.49,0.012827142718411115
2019-04-02,0.16733978373658617,4898.99467254,3085.213811340748,2.48,0.18051950342818185
2019-04-03,0.020400164723023178,4999.96133758,3164.3763106253396,2.52,0.025658675257320192
2019-04-04,-0.019499803841978504,4903.40752198,3144.0482140135605,2.51,-0.00642404525135693
2019-04-05,0.027993282971521077,5042.6092631,3176.2183060719003,2.50,0.01023206066464001
2019-04-06,0.006795750810877389,5076.99428277,3200.5394425745076,2.50,0.007657262240480488
2019-04-07,0.025724435014514203,5209.29143145,3286.4762274916247,2.50,0.02685071890505739
2019-04-08,0.0067996252348493606,5244.83335988,3353.741638737246,2.52,0.020467335404084436
2019-04-09,-0.007493373355571853,5205.6787486,3310.103665931131,2.51,-0.013011727648330512
2019-04-10,0.014813937382221944,5283.3693789,3390.6117391318267,2.48,0.024321918986802648
2019-04-11,-0.03661767466706627,5093.40394983,3253.9501259834783,2.51,-0.04030588686139005
2019-04-12,0.001312112588157793,5100.09145569,3283.8333659258483,2.56,0.00918368099859491
2019-04-13,-0.0025384462260756614,5087.16156564,3291.403487441205,2.56,0.0023052696869173815
2019-04-14,0.012410915918628636,5150.69131583,3329.3231646617883,2.56,0.011520823066898637
2019-04-15,-0.013064560777222723,5083.83745515,3278.3515258608895,2.55,-0.015309910236988584
2019-04-16,0.025806981937396098,5216.74353269,3391.310327212625,2.60,0.03445597595641385
2019-04-17,0.0032172098810407217,5233.5539183,3405.9464357949537,2.59,0.004315767998252862
2019-04-18,0.012976185630230055,5301.90801404,3423.3175224085808,2.57,0.005100223077810278
2019-04-19,0.0031717121859625693,5318.75083647,3436.3674492447926,2.57,0.0038120702361930407
2019-04-20,0.006291241904560412,5352.31786304,3472.8855284129636,2.57,0.010626942463966279
2019-04-21,-0.006129075640947239,5319.61342836,3484.543532669512,2.57,0.003356863956836436
2019-04-22,0.01719180009320601,5411.85781053,3544.952432563992,2.59,0.01733624485620949
2019-04-23,0.025993568253076357,5554.37555381,3710.9011168147485,2.57,0.046812668831984705
2019-04-24,-0.013833798101311289,5478.06648292,3671.803110792557,2.53,-0.01053598702617847
2019-04-25,-0.05773808625753555,5170.7312569,3506.050540108699,2.54,-0.045142009438540034
2019-04-26,0.021337779277940776,5282.24871549,3544.7484400120507,2.51,0.011037462084660079
2019-04-27,0.003253225405350835,5299.46104382,3532.1758150108462,2.51,-0.0035468313799897387
2019-04-28,-0.005347009647583172,5271.2003968,3555.2037652941476,2.51,0.00651948019842004
2019-04-29,-0.006550816570577704,5236.78258536,3541.152425030814,2.54,-0.003952330496637834
2019-04-30,0.022858162555165863,5357.86439479,3555.742793674398,2.51,0.004120231747284101
2019-05-01,0.008525239006619141,5403.73672779,3609.259077419207,2.52,0.015050662224504466
2019-05-02,0.020251499856498732,5514.28611863,3698.6311884077886,2.55,0.024761899623034753
2019-05-03,0.049276356444481334,5792.81616248,3887.50721524982,2.54,0.05106646681453527
2019-05-04,0.011874705682555404,5862.01418946,3967.718551034694,2.54,0.020633102742606567
2019-05-05,-0.008358957308584257,5813.21808949,3948.523607354328,2.54,-0.004837778545396195
2019-05-06,-0.030278550382222633,5639.84033199,3883.5476100574683,2.51,-0.016455770246843252
2019-05-07,0.034798405338278625,5839.55246102,3973.8647967582788,2.45,0.023256361391556096
2019-05-08,0.0202219415410248,5958.84161363,4108.601228749656,2.49,0.0339056407005316
2019-05-09,0.029823168000428363,6139.22964963,4301.851636477676,2.45,0.04703557171130737
2019-05-10,0.036080800425102,6364.7825656,4463.776020360116,2.47,0.03764062491355979
2019-05-11,0.10947868902920102,7101.16432126,5061.008005146564,2.47,0.13379524018731265
2019-05-12,-0.005904182639632888,7059.36127799,4914.402059372911,2.47,-0.02896773639254641
2019-05-13,0.10650125229925307,7852.68749435,5613.849506491346,2.40,0.14232605282761215
2019-05-14,0.00010679560696570358,7853.52617166,5574.116351521773,2.42,-0.007077702194123469
2019-05-15,0.03372640942540124,8122.91462882,5563.969514405989,2.37,-0.0018203489980997986
2019-05-16,-0.028110569735626607,7897.75438869,5295.534034466969,2.40,-0.04824531824698138
2019-05-17,-0.07139754530731145,7353.53330263,4937.820871369802,2.39,-0.06754996961003827
2019-05-18,-0.013868708134712329,7252.25323073,4920.505243245282,2.39,-0.0035067347673380838
2019-05-19,0.1245069763786073,8213.82891953,5575.763863532134,2.39,0.13316897104954217
2019-05-20,-0.02872691784557128,7981.22788208,5446.641201947418,2.41,-0.0231578425387116
2019-05-21,-0.0042154053352462745,7947.65458373,5422.8877752023045,2.43,-0.0043611146511029295
2019-05-22,-0.036140392544697676,7665.55158831,5253.41103172802,2.39,-0.03125212073339687
2019-05-23,0.025011350985014835,7859.69516543,5417.305532385638,2.31,0.031197730325644716
2019-05-24,0.021702646064168492,8032.13578837,5470.37721661982,2.32,0.00979669393149593
2019-05-25,-0.0005076461954496744,8028.05933998,5517.842423477433,2.32,0.008676770353862797
2019-05-26,0.11279722832049266,8986.64917394,5965.044958241472,2.32,0.08104663026643755
2019-05-27,-0.01968157592490113,8811.50694705,5984.657798556042,2.32,0.0032879618597797477
2019-05-28,-0.01232073573509913,8703.60875599,5896.4177498051395,2.26,-0.014744376657959022
2019-05-29,-0.001898691587950267,8687.09896572,5856.872207386668,2.25,-0.006706706359090307
2019-05-30,-0.04466758485777594,8307.6058507,5644.998533088032,2.22,-0.036175225751284484
2019-05-31,0.04348895006583475,8676.86608024,5774.543123163065,2.14,0.022948560449698993
2019-06-01,-0.012887176169758872,8565.7632172,5796.026143198644,2.14,0.0037202977928081624
2019-06-02,0.016252394823941353,8706.11481843,5910.817189239492,2.14,0.019805129101349923
2019-06-03,-0.054240687285506975,8246.46764308,5557.633178805954,2.07,-0.05975214579068717
2019-06-04,-0.06766201527104722,7706.95315789,5204.712044321646,2.12,-0.06350205620446009
2019-06-05,0.010250522566420471,7786.35973934,5282.587966202088,2.12,0.014962580295946337
2019-06-06,0.00367207048590541,7815.00436148,5246.945347693587,2.12,-0.006747188828002859
2019-06-07,0.030848929044349403,8059.84601106,5411.205243920788,2.09,0.031305814210434935
2019-06-08,-0.01793214731292432,7916.60382349,5366.555078637624,2.09,-0.008251427042677062
2019-06-09,-0.02319737430337356,7735.07306026,5215.423330625479,2.09,-0.028161780844055382
2019-06-10,0.037757612835465304,8032.71471336,5401.682338624626,2.15,0.035713114006568875
2019-06-11,-0.016208517517998712,7903.56579987,5340.719679754666,2.15,-0.011285865226477301
2019-06-12,0.03200154448568864,8160.58264659,5469.822390375397,2.13,0.02417327970051064
2019-06-13,0.015014372152312752,8284.03311796,5563.600287345843,2.10,0.01714459634657532
2019-06-14,0.04883759178316747,8698.64732016,5946.025335978251,2.09,0.06873697406016327
2019-06-15,0.005551247474766439,8747.06994276,6038.428494084223,2.09,0.015540323642225
2019-06-16,0.031543002613340566,9027.37640579,6151.465008601328,2.09,0.018719525225453268
2019-06-17,0.023780573308091666,9244.62550824,6399.544361483166,2.09,0.04032849939566574
2019-06-18,-0.15047039758670486,7953.18087686,6252.379839736155,2.06,-0.022996093695786715
2019-06-19,0.15535814354509875,9289.92149667,6396.7234028666035,2.03,0.023086179475708155
2019-06-20,-0.017463569512304773,9129.09469917,6635.23437301419,2.01,0.03728642855507889
2019-06-21,-0.0888072835801192,8353.32154339,7098.185090733265,2.07,0.06977156972810436
2019-06-22,0.22428087244376754,10453.5341963,7490.489983833399,2.07,0.055268338044930816
2019-06-23,0.033514321896064625,10809.8142002,7654.991002097721,2.07,0.021961316098060686
2019-06-24,0.020476583007282542,11033.4440316,7785.174079135217,2.02,0.01700630046486285
2019-06-25,-0.11869166417865233,9798.5984737,8475.31134222765,2.00,0.08864763408978177
2019-06-26,0.24431031337607334,12510.2671096,9581.508212543664,2.05,0.13051990961139867
2019-06-27,-0.11158649736684005,11189.3583418,8186.468353762968,2.01,-0.14559710515661559
2019-06-28,0.1085548521949326,12472.3978508,9198.872323283775,2.00,0.12366797570962917
2019-06-29,-0.03925373092351179,11992.2942758,8711.835597186422,2.00,-0.05294526426511943
2019-06-30,-0.11972313125443729,10639.1561184,7862.266983314345,2.00,-0.09751889878941858
2019-07-01,0.0033898196110224454,10675.2821342,7612.8645160495225,2.03,-0.03172144469198464
2019-07-02,0.003833025714036001,10716.2792865,7843.95697140272,1.98,0.030355519248504437
2019-07-03,0.11263463951696819,11993.9055918,8846.956152737432,1.96,0.12786903153490234
2019-07-04,-0.06810360370576345,11204.2710541,8267.56545929298,1.96,-0.06549039957264575
2019-07-05,-0.025953289279868452,10917.224381,8049.449809503301,2.04,-0.026382089245451434
2019-07-06,0.03148873205761114,11266.4636283,8249.127722295872,2.04,0.02480640509825011
2019-07-07,0.00697551816421545,11345.3277894,8382.303818436056,2.04,0.016144264051122986
2019-07-08,0.08372235311808711,12336.0807636,9123.544201412888,2.05,0.08842919548520137
2019-07-09,0.013165137594771862,12499.5607211,9434.798795257248,2.07,0.03411553525395959
2019-07-10,-0.027740852810303165,12157.5776292,9205.903266794916,2.07,-0.024260774758375823
2019-07-11,-0.07527823192585907,11275.9756821,8629.88243276305,2.13,-0.06257081106962474
2019-07-12,0.05167301056671305,11873.9559637,8984.031004804363,2.12,0.04103747354619805
2019-07-13,-0.03617740911258288,11452.0644848,8650.80078317355,2.12,-0.03709139265577023
2019-07-14,-0.11155809800071906,10243.17797,7836.000128426814,2.12,-0.09418788793883502
2019-07-15,0.058328297706879334,10858.4135057,8403.42124355081,2.09,0.07241208599085547
2019-07-16,-0.12675970613949136,9565.66870077,7287.952639902752,2.13,-0.13273981766701545
2019-07-17,0.011534879306009547,9676.64636118,7387.763173588757,2.06,0.013695277482941652
2019-07-18,0.09972363032138215,10691.3929577,8174.754418570441,2.04,0.10652632285170922
2019-07-19,-0.009562087356908883,10589.6481459,8072.005442025731,2.05,-0.01256905972750654
2019-07-20,0.02107993049082021,10815.2466391,8227.34968010019,2.05,0.019244813347830618
2019-07-21,-0.024930853714869004,10548.9466434,8091.386422632538,2.05,-0.016525766225363097
2019-07-22,-0.02296956373353544,10309.4035729,7914.843775218639,2.05,-0.02181859055947303
2019-07-23,-0.0453173915648897,9852.63621495,7555.143082127462,2.08,-0.045446341495381085
2019-07-24,-0.0073141303154735425,9780.83564916,7424.484530315485,2.05,-0.017293987736786066
2019-07-25,0.009298385339555043,9872.20576693,7517.832978239039,2.08,0.012573054404301839
2019-07-26,-0.007801655404526877,9795.48587965,7458.043514251611,2.08,-0.007953018397787472
2019-07-27,-0.04044835534772877,9407.1806791,7183.577524168423,2.08,-0.03680133932695742
2019-07-28,0.0076937361833489025,9479.83618322,7238.8519258293045,2.08,0.007694550726976372
2019-07-29,0.005971232671940809,9536.61183237,7210.597677882074,2.06,-0.0039031393702660252
2019-07-30,0.0020807648574819055,9556.47593823,7283.437556730939,2.06,0.01010178103159122
2019-07-31,0.06066788218658454,10154.1949491,7676.038700234516,2.02,0.05390327581524433
2019-08-01,0.02543912019912025,10415.822412,7983.244290340236,1.90,0.0400213706708298
2019-08-02,0.01509814551553056,10574.2751759,8115.582197112169,1.86,0.01657695818378776
2019-08-03,0.03138135812157617,10911.371905,8374.3720207126,1.86,0.03188801706580205
2019-08-04,0.00971565300103734,11017.8996636,8514.251696153815,1.86,0.016703303256082408
2019-08-05,0.08156786495132408,11954.2762239,9238.692101108078,1.75,0.08508562241371344
2019-08-06,-0.042691508339530844,11454.6704802,9007.87292427342,1.73,-0.024983966811381528
2019-08-07,0.03885893091069076,11908.5482187,9450.083315951164,1.71,0.04909154418532299
2019-08-08,-0.001198376728768097,11894.2858392,9509.718637940074,1.72,0.006310560446408861
2019-08-09,0.0009602248713335111,11905.7125135,9502.485357375108,1.74,-0.0007606198290775692
2019-08-10,-0.044482317970417504,11387.7248772,9010.35519527051,1.74,-0.05178962593429776
2019-08-11,0.011316312636648212,11517.3238403,9110.81403499975,1.74,0.011149265212316078
2019-08-12,-0.00759105660126076,11430.226183,9014.111155978442,1.65,-0.010614076705969193
2019-08-13,-0.03602927535927778,11025.7339527,8576.247009707839,1.68,-0.04857541012018677
2019-08-14,-0.09830553835962086,9993.41576293,7957.283900528868,1.59,-0.07217179128333623
2019-08-15,0.03220383795462986,10320.4802042,8189.562468196434,1.52,0.02919068498387091
2019-08-16,0.008995701029701219,10413.7389938,8275.13315691673,1.55,0.010448749741222972
2019-08-17,-0.020059064975051406,10206.930256,8137.572651317127,1.55,-0.016623358560052242
2019-08-18,0.0070646554502774035,10279.294013,8163.176902394023,1.55,0.0031464236540797432
2019-08-19,0.05060536162057215,10812.8684017,8669.369082073268,1.60,0.062009213536802485
2019-08-20,-0.004573304173725577,10763.5307695,8573.270892778848,1.55,-0.011084796181204726
2019-08-21,-0.05936971492719882,10143.1025667,8050.644662031919,1.59,-0.060959957673462746
2019-08-22,-0.009501402287122195,10047.1852648,8007.752717488915,1.62,-0.005327765209324131
2019-08-23,0.032150252002363086,10375.4534805,8242.43190014961,1.52,0.02930649720840607
2019-08-24,-0.018986390312448604,10180.319379,8032.170364661551,1.52,-0.025509647884897
2019-08-25,-0.009190683862680986,10087.1839268,8037.697022272203,1.52,0.0006880652874305959
2019-08-26,0.027506092652304453,10368.494078,8246.978683068777,1.54,0.02603751549936025
2019-08-27,-0.017891610538085235,10184.6346949,8084.543539573627,1.49,-0.019696321493910644
2019-08-28,-0.04416765291973673,9744.59263034,7780.322177316879,1.47,-0.037629998622382616
2019-08-29,-0.027219451650750633,9482.92750836,7583.409950300085,1.50,-0.025309006816052027
2019-08-30,0.013781404179154456,9614.52024878,7669.325694414829,1.50,0.011329434209388058
2019-08-31,0.006242793807779418,9674.72945755,7679.984269228776,1.50,0.0013897668763381578
2019-09-01,0.008546066548250679,9757.76464608,7802.948247986144,1.50,0.016010967528936982
2019-09-02,0.06303038168606562,10392.5969788,8329.476573274867,1.50,0.06747812603071078
2019-09-03,0.016069337994322648,10560.9481556,8579.609311273298,1.47,0.030029826700153233
2019-09-04,0.00703715009557191,10635.5292443,8580.557269132567,1.47,0.00011048963010745709
2019-09-05,-0.007164705604032456,10559.6011344,8583.462933510587,1.57,0.0003386335277398817
2019-09-06,-0.02142163769039435,10335.8028062,8399.55187568849,1.55,-0.021426207493026185
2019-09-07,0.010345617459895063,10443.2881104,8483.028934714324,1.55,0.009938275310549423
2019-09-08,-0.00442563131798343,10397.172089,8378.170638299971,1.55,-0.012360949988659282
2019-09-09,-0.009979965795811282,10293.9247267,8282.883004063735,1.63,-0.01137332221435526
2019-09-10,-0.01577659450542617,10132.7960236,8087.039135839564,1.72,-0.023644408369415174
2019-09-11,0.008031997399691413,10214.5103402,8160.061450700341,1.75,0.009029548841573223
2019-09-12,0.016074312119733952,10380.0282973,8374.906565993826,1.79,0.02632885997139712
2019-09-13,-0.007971191619531609,10297.6160012,8324.212811555646,1.90,-0.0060530531342309025
2019-09-14,0.008219040660192413,10382.6012962,8272.154984870236,1.90,-0.0062537837347386716
2019-09-15,-0.005638469149966512,10324.2240529,8251.21982604103,1.90,-0.002530798669451545
2019-09-16,-0.0014138514625030721,10309.6374477,8154.238066087816,1.84,-0.01175362697853921
2019-09-17,-0.017015452824926777,10135.6983212,8030.434126166944,1.81,-0.015182772310236181
2019-09-18,-0.005326467004644976,10081.8543848,7898.709496524041,1.80,-0.016403176661854677
2019-09-19,0.016906148245227473,10253.7486504,7957.683899045125,1.79,0.007466333905182432
2019-09-20,-0.00912613338277307,10160.597275,7909.020409645297,1.74,-0.0061152830417990495
2019-09-21,-0.016448850380600257,9994.83417432,7778.418635368312,1.74,-0.01651301520447621
2019-09-22,0.014563898426551657,10141.4630765,7872.930271547148,1.74,0.012150494928248455
2019-09-23,-0.04366045410298718,9708.2090486,7628.489474986965,1.72,-0.031048261337153438
2019-09-24,-0.12086082562263652,8603.00013776,6827.977061296559,1.64,-0.10493721152991088
2019-09-25,-0.006658233267493989,8545.90962792,6661.508721899175,1.73,-0.024380330792408093
2019-09-26,-0.047961884340332155,8145.70568071,6340.754958182889,1.70,-0.04815031805960618
2019-09-27,0.015560035521005674,8273.44438254,6430.7963352975075,1.69,0.014200418989290569
2019-09-28,-0.0052128679408775525,8230.42822574,6430.91593497981,1.69,1.859795833466478e-05
2019-09-29,-0.015349951018650448,8105.05624418,6321.076348705723,1.69,-0.017079928797799165
2019-09-30,0.02526221944667164,8312.41611126,6427.721903993101,1.68,0.016871423378585507
2019-10-01,0.008392596877978347,8382.4724348,6495.520784600799,1.65,0.010547886423894521
2019-10-02,-0.004026727331930558,8348.78637175,6517.127679899012,1.60,0.0033264300145782874
2019-10-03,-0.014398855995136113,8229.4347247,6423.818740671713,1.54,-0.01431749442551117
2019-10-04,-0.006258205573068532,8178.09404826,6350.855131711959,1.52,-0.011358291991925786
2019-10-05,-0.008766478128490999,8106.7142973,6302.470436103398,1.52,-0.007618611132689793
2019-10-06,-0.005557617774336932,8061.78524273,6157.557907737072,1.52,-0.02299297233291277
2019-10-07,0.021269292494852477,8235.09021486,6321.6914354236405,1.56,0.026655620644725396
2019-10-08,0.006271554284479017,8286.89932218,6298.15826248314,1.54,-0.003722607023910147
2019-10-09,0.03449489690377725,8577.74252418,6589.546072269661,1.59,0.0462655585399083
2019-10-10,-0.0026987589834356423,8554.62447354,6612.793989423777,1.67,0.003527999789234182
2019-10-11,-0.01837996265108081,8398.82695746,6401.954797741954,1.76,-0.03188352639126971
2019-10-12,-0.005112652261979717,8355.99625835,6424.578468034861,1.76,0.0035338691083676493
2019-10-13,-0.0012780734439194667,8345.32350317,6394.76288030587,1.76,-0.004640862879539382
2019-10-14,0.002662562628132042,8367.57305692,6393.828247487372,1.76,-0.0001461559773194817
2019-10-15,-0.016284607111533272,8232.41391088,6281.195824220534,1.77,-0.01761580369493041
2019-10-16,-0.021329872466415743,8058.67705154,6164.451455275125,1.75,-0.018586328497391804
2019-10-17,0.012890013021669195,8163.22587393,6175.136342191997,1.76,0.001733307009454703
2019-10-18,-0.02228431582179231,7983.32588913,6086.313138372007,1.76,-0.014384006910600412
2019-10-19,0.005344328774919412,8026.10562005,6105.159512923179,1.76,0.0030965174026870443
2019-10-20,0.02879743065579698,8260.59700992,6308.284323986335,1.76,0.03327100801104192
2019-10-21,0.000889514958488094,8267.94820354,6328.139366799122,1.80,0.0031474552815083877
2019-10-22,-0.014872593925838905,8145.89226137,6191.064658505102,1.78,-0.021661139293674452
2019-10-23,-0.07762335206107174,7537.49901311,5743.198353697097,1.77,-0.07234075712530942
2019-10-24,0.0022251107893582634,7554.28945686,5709.187391855223,1.77,-0.00592195493648249
2019-10-25,0.138215423692154,8674.00798174,6671.427802075926,1.80,0.16854244644228064
2019-10-26,0.06080305365389926,9217.77807895,7244.6212702132625,1.80,0.08591766037833433
2019-10-27,0.030285248699694893,9501.21103602,7490.3188780444025,1.80,0.03391448616387193
2019-10-28,-0.027253747999237504,9245.76417816,7220.153393724398,1.85,-0.03606862254047863
2019-10-29,0.012030305573204203,9357.66529922,7334.272784263143,1.84,0.01580567396780455
2019-10-30,-0.016992675773488654,9199.99692447,7166.690229185897,1.78,-0.022849239455181063
2019-10-31,0.0022996412590278854,9221.17796204,7161.639832726827,1.69,-0.0007047041657392129
2019-11-01,0.006667730194233246,9282.86772556,7218.617197852632,1.73,0.007955910441828277
2019-11-02,0.006380901295944912,9342.29017102,7270.491286076545,1.73,0.007186153081970443
2019-11-03,-0.013837004024811162,9213.91110347,7202.709907254242,1.73,-0.009322805867618411
2019-11-04,0.003892981995636284,9249.85060403,7325.394936613858,1.79,0.017033176532078923
2019-11-05,0.00416640503145909,9288.4696235,7232.011413256228,1.86,-0.012747916551349294
2019-11-06,0.006792841113096004,9351.77950538,7226.627644152193,1.81,-0.0007444359247229599
2019-11-07,-0.023642347778830824,9133.2746438,7189.5706411389965,1.92,-0.0051278417593832015
2019-11-08,-0.03503461669320571,8818.83418006,6800.577117500896,1.94,-0.05410525093282552
2019-11-09,-0.003361770393593258,8789.23706164,6793.096014525811,1.94,-0.0011000688391331198
2019-11-10,0.03575869845466333,9109.21565311,6990.506304498562,1.94,0.029060429817365178
2019-11-11,-0.039777318349577186,8753.98733379,6740.598756268521,1.94,-0.03574956338559037
2019-11-12,0.00046629743021813907,8758.07024744,6794.158984074244,1.92,0.007945915450895675
2019-11-13,0.0073921775228949155,8823.05133744,6779.245012943506,1.88,-0.0021951165943712657
2019-11-14,-0.01040735999166411,8731.70283882,6702.125601412106,1.82,-0.011375811227379504
2019-11-15,-0.017034847426414944,8584.21935893,6541.472321505622,1.84,-0.023970496743993503
2019-11-16,0.008321541493037673,8655.95134291,6579.627972608965,1.84,0.005832884284766196
2019-11-17,-0.0028339714462339047,8631.45535083,6594.938836400236,1.84,0.0023270105627567744
2019-11-18,-0.03154341070622001,8363.43910531,6394.973988421339,1.81,-0.0303209556509012
2019-11-19,-0.011044272328574939,8271.57920284,6318.149000854142,1.79,-0.01201333855404177
2019-11-20,-0.010092342074506532,8188.51943483,6169.5778024435995,1.73,-0.02351498807490258
2019-11-21,-0.05350761551856513,7761.88710928,5898.039905623522,1.77,-0.044012395258639724
2019-11-22,-0.05587890507806219,7340.05681998,5652.081910291204,1.77,-0.0417016499155606
2019-11-23,0.011363737216029856,7423.94302451,5717.069806783412,1.77,0.011498045768565284
2019-11-24,-0.053756312435690075,7035.39620795,5473.189196281808,1.77,-0.042658323012294656
2019-11-25,0.01559368567247291,7145.96380267,5550.660833620045,1.76,0.014154752295218878
2019-11-26,0.011491698778472758,7228.55672373,5593.59180852144,1.74,0.007734389866043352
2019-11-27,0.037430794330017655,7504.2549572,5862.257529889107,1.77,0.048030984484490634
2019-11-28,0.0034002629974956094,7529.81482817,5807.414508207545,1.77,-0.00935527335705426
2019-11-29,0.03511103947215198,7798.89057628,6051.821784036215,1.78,0.04208538506821797
2019-11-30,-0.025859749241275647,7599.79855126,5896.0615452827005,1.78,-0.025737743825237254
2019-12-01,-0.02838889492138333,7387.08234379,5767.319069909941,1.78,-0.02183533438109427
2019-12-02,-0.009454405263305354,7317.57098565,5699.108203129684,1.83,-0.011827135962727792
2019-12-03,0.0009060488758870367,7324.20406711,5701.598555416455,1.72,0.00043697227671586977
2019-12-04,-0.002444803412940268,7306.3196988,5653.394453782094,1.77,-0.008454488888658714
2019-12-05,0.01873376909669922,7444.4847402,5816.4069449859535,1.80,0.02883444495807373
2019-12-06,0.011942227333675885,7533.92144314,5902.746074522214,1.84,0.014844066165399518
2019-12-07,-0.0023204590432528527,7516.45955463,5907.590957899412,1.84,0.0008207846510812833
2019-12-08,0.002734993620454246,7537.04516148,5900.466435302889,1.84,-0.0012059945665324789
2019-12-09,-0.018348581131901468,7400.0121025,5772.93280085337,1.83,-0.02161416149856843
2019-12-10,-0.014514569529860607,7293.37984501,5669.251067837633,1.85,-0.017959975733722523
2019-12-11,-0.012527903644805768,7202.57904449,5627.169903481367,1.79,-0.0074227025497243014
2019-12-12,0.007118730763956439,7254.03519947,5646.169140933349,1.90,0.003376339754772162
2019-12-13,-0.00021730730703148075,7252.45901588,5671.294822215366,1.82,0.004450040488490224
2019-12-14,-0.012958918712144146,7159.0813327,5550.7200492688935,1.82,-0.021260536919040472
2019-12-15,-0.004557919663135232,7126.52506591,5572.429542652247,1.82,0.003911113007079624
2019-12-16,-0.02573905288707462,6945.43559361,5438.173503254431,1.89,-0.024092909272373723
2019-12-17,-0.04542593528483466,6636.99140677,5265.547563087611,1.89,-0.0317433675228482
2019-12-18,0.09245939948305637,7279.9075205,5784.056931151999,1.92,0.09847206997031571
2019-12-19,-0.01079573023172879,7201.73830886,5740.433161064814,1.92,-0.0075420713534534245
2019-12-20,-0.0007137451420246924,7196.59993709,5743.661591174287,1.92,0.0005624018290763292
2019-12-21,-0.0016186514715782986,7184.96057259,5728.770196717319,1.92,-0.002592665709945495
2019-12-22,0.03657219815197118,7452.5945254,5999.153300854297,1.92,0.04719740796932518
2019-12-23,-0.012803346559080504,7357.78461216,5882.457164194406,1.93,-0.019452101122882415
2019-12-24,-0.005553156223005187,7317.03892305,5846.990759636589,1.90,-0.006029181950307258
2019-12-25,-0.0046973135853444516,7282.7490948,5818.843970820773,1.90,-0.004813893158532249
2019-12-26,-0.009211206531395188,7215.97419958,5781.49663105059,1.90,-0.0064183435674621935
2019-12-27,0.01564387058041625,7329.74757373,5822.473839751182,1.88,0.0070876472504570135
2019-12-28,0.0036981572835395222,7356.90431711,5837.407698786763,1.88,0.0025648649434239783
2019-12-29,0.008759392051310324,7421.6293886,5901.699279333589,1.88,0.011013721135186212
2019-12-30,-0.012360898994967343,7330.45603056,5797.229123039555,1.90,-0.0177017078216549
2019-12-31,-0.017294207628990782,7204.77154134,5724.287952757511,1.92,-0.012582074769506358
2020-01-01,0.002767898610049125,7224.74124278,5721.370481163654,1.92,-0.0005096654147965489
2020-01-02,-0.03061599186413644,7006.90034685,5550.834745988173,1.88,-0.02980679816783971
2020-01-03,0.0466958313020083,7341.85296744,5839.569748800784,1.80,0.05201650130573449
2020-01-04,0.00899560605991065,7408.195332,5892.266205221442,1.80,0.009024030654224142
2020-01-05,-0.0009181449540171313,7401.3966564,5883.398436740085,1.80,-0.0015049843595827898
2020-01-06,0.05147321214713694,7792.34570411,6134.515789711606,1.81,0.0426823638874034
2020-01-07,0.043669911559196715,8140.17634235,6521.532115121593,1.83,0.06308832492681242
2020-01-08,-0.0049918777011218,8099.64283092,6462.597915081685,1.87,-0.009036864190740783
2020-01-09,-0.024345998487820316,7904.83001752,6288.068267382085,1.85,-0.027006112710849968
2020-01-10,0.02793401905891805,8128.75671539,6515.362514580495,1.83,0.03614691150499232
2020-01-11,-0.010825222965072576,8041.23568354,6392.917611482733,1.83,-0.01879326020981136
2020-01-12,0.010945210547045284,8129.73212377,6511.198988644715,1.83,0.018501939857558828
2020-01-13,0.00023278615352502195,8131.62483313,6484.44590195673,1.85,-0.004108780385093672
2020-01-14,0.08698881009143986,8870.66326871,6957.91931438913,1.82,0.0730167881097636
2020-01-15,-0.005311737240163226,8823.6695559,6932.451882365713,1.79,-0.0036602080122932618
2020-01-16,-0.010720187378439864,8729.58337668,6864.897401769025,1.81,-0.009744673564706277
2020-01-17,0.016136404240272798,8871.59012067,6995.325060046634,1.84,0.01899921450304534
2020-01-18,0.008094514868781703,8943.69276308,6994.9852442745505,1.84,-4.8577552746461143e-05
2020-01-19,-0.021552561966261565,8752.9956579,6831.603650596716,1.84,-0.023356960446995045
2020-01-20,-0.002559193195052719,8730.62369028,6785.113703975235,1.84,-0.006805129366282884
2020-01-21,0.004101972528937081,8766.51002087,6846.401568734027,1.78,0.009032695313990854
2020-01-22,-0.012678681859601528,8656.06386464,6791.26179844642,1.77,-0.008053832328418824
2020-01-23,-0.025146294402520253,8441.10990887,6587.424123945796,1.74,-0.030014698380093924
2020-01-24,0.005338116785145938,8486.29002043,6625.4728645160785,1.70,0.005775966425476136
2020-01-25,-0.014580303679667717,8363.45499686,6572.0225232574585,1.70,-0.008067400222085736
2020-01-26,0.03452880378360474,8657.27859027,6732.081676990048,1.70,0.024354626473990806
2020-01-27,0.03717580967614897,8985.1771148,6995.603808688756,1.61,0.03914422675521213
2020-01-28,0.048628819192613124,9432.91389448,7370.321680640087,1.65,0.05356476470064244
2020-01-29,-0.007494080079493575,9362.48710398,7338.009831976498,1.60,-0.004384048629581981
2020-01-30,0.015036885339470896,9504.33354065,7438.741566402135,1.57,0.013727391586024087
2020-01-31,-0.015417524354649945,9358.92405427,7322.890523800621,1.51,-0.015574010948944264
2020-02-01,0.0074426251695477235,9428.83887015,7335.639118761372,1.51,0.0017409238768920155
2020-02-02,-0.0038845437354822435,9392.28318024,7254.717321901875,1.51,-0.011031321954283977
2020-02-03,-0.010526198576601075,9293.93665798,7194.733154900736,1.54,-0.008268298313987779
2020-02-04,-0.009474734371850469,9206.29492359,7074.882569165961,1.61,-0.016658100190017136
2020-02-05,0.04442734547148021,9624.52786874,7385.634651474682,1.66,0.04392328484193546
2020-02-06,0.01350313636203826,9755.37058641,7449.4359706995265,1.65,0.008638569633566342
2020-02-07,0.00880193394616802,9841.6157191,7472.532511323683,1.59,0.0031004415253719966
2020-02-08,0.0034825956846391086,9875.94983876,7529.827163005058,1.59,0.007667367334240654
2020-02-09,0.03030304206462673,10179.8017292,7720.133748367054,1.59,0.025273699016226493
2020-02-10,-0.03380636656150541,9841.41171621,7517.9360927173775,1.56,-0.026190952416134627
2020-02-11,0.033875624058259085,10180.5067812,7764.003981975938,1.59,0.032730776934500154
2020-02-12,0.02126037696644549,10399.2653985,7719.31268615671,1.62,-0.005756217529380241
2020-02-13,-0.010158835039378365,10294.1557764,7584.199577609749,1.61,-0.017503256318307098
2020-02-14,0.008981681982881688,10387.0310737,7590.447028780273,1.59,0.0008237456183204809
2020-02-15,-0.020373643802873827,10177.5505888,7353.726687874588,1.59,-0.031186613911950944
2020-02-16,-0.010048232802813695,10075.7962728,7445.000643583541,1.59,0.012411932015294136
2020-02-17,-0.029295410334375934,9784.90340343,7228.334419543773,1.59,-0.029102243829421493
2020-02-18,0.03716715685722809,10155.4233781,7556.604219740763,1.55,0.04541430724475383
2020-02-19,-0.057468795589133544,9588.25670864,7230.282850255582,1.56,-0.043183599404704016
2020-02-20,0.0018104883847732303,9605.63186005,7224.324432711772,1.52,-0.0008240919016881522
2020-02-21,0.012365699637864856,9725.14965609,7253.602975289832,1.46,0.004052772387337276
2020-02-22,-0.0029879884013617225,9696.13439194,7239.824434437748,1.46,-0.001899544391803917
2020-02-23,0.02784551183873759,9969.92241028,7409.66626318875,1.46,0.023459385001535913
2020-02-24,-0.024755519093091035,9726.1417142,7231.5714079684085,1.38,-0.024035475943784086
2020-02-25,-0.04965466180667205,9254.98773435,7052.882244241236,1.33,-0.024709589886684483
2020-02-26,-0.050086726891254485,8802.85317911,6729.012169281501,1.33,-0.04592024419862937
2020-02-27,-0.0011526919291799578,8792.71204722,6674.393874711331,1.30,-0.008116836943690984
2020-02-28,-0.011218458868674348,8694.62260371,6577.679233558031,1.13,-0.01449040062195646
2020-02-29,-0.015330197831521803,8562.34880142,6545.329685442141,1.13,-0.004918079305364834
2020-03-01,0.001336339360267481,8573.79865388,6524.424734710435,1.13,-0.003193872843136187
2020-03-02,0.04029257662847375,8926.31326334,6733.572159474476,1.10,0.03205607134240687
2020-03-03,-0.013222935639816531,8809.05813453,6680.778443016143,1.02,-0.007840372867178707
2020-03-04,-0.00885175738967437,8731.42658381,6651.112253681941,1.02,-0.004440528837655679
2020-03-05,0.043681133322592464,9121.27777779,6915.827259750895,0.92,0.03980011101487756
2020-03-06,-0.001430953824782389,9108.23498451,6899.239987902166,0.74,-0.002398450861441329
2020-03-07,-0.024566499568833937,8887.20363315,6751.931482174015,0.74,-0.021351410588188895
2020-03-08,-0.08610282913852087,8154.0082727,6229.733943777893,0.74,-0.07734046765355848
2020-03-09,-0.020406679946660847,7989.29834285,6055.462988044997,0.54,-0.027974060739295915
2020-03-10,-0.008761337552514827,7919.60714312,6039.924057562755,0.76,-0.002566101140890423
2020-03-11,0.009660611513214463,7996.48614223,6078.8200332098195,0.82,0.0064398120367692695
2020-03-12,-0.4804143438033659,4946.04303071,3847.432875919516,0.88,-0.36707570632125736
2020-03-13,0.12405848106324008,5599.32665441,4265.749648993673,0.94,0.1087262043458475
2020-03-14,-0.07181149185362593,5211.328733,3991.175136712385,0.94,-0.06436723550948711
2020-03-15,0.038967780489155716,5418.4112158,4146.443039648618,0.94,0.03890280371513087
2020-03-16,-0.07294156243525701,5037.25391988,3886.582129725557,0.73,-0.06267080180247264
2020-03-17,0.03007322360457242,5191.04123325,4060.1887970475054,1.02,0.044668210146432
2020-03-18,0.026649628376519626,5331.24038324,4069.2762265977694,1.18,0.0022381790612476487
2020-03-19,0.15048232918345686,6197.00590954,4813.855623471166,1.12,0.18297587959417605
2020-03-20,0.006935111926512529,6240.13220914,4856.5443389166,0.92,0.008867884453637282
2020-03-21,-0.005114284450981449,6208.29986722,4838.900658997218,0.92,-0.0036329700066773155
2020-03-22,-0.05945770152362253,5849.9281759,4572.063755187342,0.92,-0.05514411694187847
2020-03-23,0.10465473111059123,6495.33427074,5049.777253897549,0.76,0.10448530998024802
2020-03-24,0.036557397638495547,6737.18048877,5318.701618520539,0.84,0.053254698395939715
2020-03-25,-0.003558167757744108,6713.25106807,5284.778702018945,0.88,-0.006378044668546402
2020-03-26,0.010923076721563863,6786.98237782,5280.262511511776,0.83,-0.0008545656803838851
2020-03-27,-0.04408109719427289,6494.30295465,5071.9582332108785,0.72,-0.039449606500957614
2020-03-28,-0.03373030157036624,6278.90135995,4871.847514654059,0.72,-0.039454330922227804
2020-03-29,-0.0549233180222872,5943.34261245,4619.105084609371,0.72,-0.05187814874838794
2020-03-30,0.07692743059448541,6418.59428539,5043.506004189857,0.70,0.09187946838329537
2020-03-31,0.010082653099075477,6483.63810104,5041.533145607162,0.70,-0.0003911680844746124
2020-04-01,0.019960021764792835,6614.35184353,5190.774532670934,0.62,0.029602381409276353
2020-04-02,0.035093994944519424,6850.59702132,5336.248357425941,0.63,0.028025456285837462
2020-04-03,-0.0030930957067093327,6829.44020598,5273.465043187633,0.62,-0.011765440817787146
2020-04-04,0.010196427270938842,6899.43232471,5382.530517475077,0.62,0.020681937472656207
2020-04-05,-0.00968628261615339,6832.92509722,5318.534081538297,0.62,-0.011889655939526551
2020-04-06,0.07772885299596503,7385.22739381,5622.4762377738625,0.67,0.05714773123116951
2020-04-07,-0.02573715538685243,7197.57779047,5555.177564465249,0.75,-0.01196957896531005
2020-04-08,0.02715901551442301,7395.73562302,5647.595808215289,0.77,0.016636415790057053
2020-04-09,-0.014946326005213405,7286.01852361,5624.018197253804,0.73,-0.0041748049545592665
2020-04-10,-0.053893356217594994,6903.74407996,5301.071440974258,0.73,-0.05742277939947641
2020-04-11,-0.002623207063995271,6885.65786204,5292.648396124626,0.73,-0.0015889325287198636
2020-04-12,0.012093883014562266,6969.4377939,5380.264291775766,0.73,0.01655426340342084
2020-04-13,-0.02591612870964579,6791.13735501,5290.40572216748,0.76,-0.016701515898697148
2020-04-14,0.004167955478327476,6819.50158251,5287.603811627634,0.76,-0.0005296211079059231
2020-04-15,-0.028047092449277066,6630.89173393,5130.324042324443,0.63,-0.029744998851337304
2020-04-16,0.07366980487761564,7137.83207911,5473.310679019933,0.61,0.06685477054975443
2020-04-17,-0.01129499098971448,7057.66393164,5456.32530371954,0.65,-0.0031033091846038078
2020-04-18,0.032868952825332066,7293.49650759,5536.08169794122,0.65,0.01461723592017339
2020-04-19,-0.016471355292149343,7174.34670845,5507.242754260681,0.65,-0.005209269886906456
2020-04-20,-0.041209455520863955,6884.70476866,5273.333280177429,0.63,-0.04247306402142675
2020-04-21,0.00867880251842662,6944.715797,5267.143825760051,0.58,-0.001173727145341583
2020-04-22,0.03539768761688356,7194.94532316,5438.521093306351,0.63,0.032537039658599005
2020-04-23,0.03806311371960766,7474.08612851,5703.6539335571415,0.61,0.04875090777474636
2020-04-24,0.013889657958386451,7578.62293803,5787.834650895875,0.60,0.014759085722831215
2020-04-25,0.012687783434414228,7675.39145545,5781.269520275549,0.60,-0.0011342982335041608
2020-04-26,0.0032205128896092192,7700.14999877,5871.271446629184,0.60,0.015567848210153067
2020-04-27,0.01177113485517995,7791.32506706,5974.387377141294,0.67,0.017562793927933782
2020-04-28,0.004101459523331043,7823.34649386,5948.158916511004,0.62,-0.004390150650532516
2020-04-29,0.11817685280105845,8804.73157716,6772.487065551116,0.63,0.1385854279635885
2020-04-30,-0.008935719585786907,8726.40543615,6716.859498197571,0.64,-0.00821375763661469
2020-05-01,0.016267927536360808,8869.52695634,6865.352733678817,0.64,0.022107539322668974
2020-05-02,0.012469154082240804,8980.8148456,6960.728621604209,0.64,0.01389235071018491
2020-05-03,0.0005989475910666113,8986.19549422,6910.123173425962,0.64,-0.007270136637877537
2020-05-04,-0.0012250243930169316,8975.19392551,6936.356507665477,0.64,0.0037963627537638805
2020-05-05,0.00882413861042637,9054.74273947,7034.92978235145,0.66,0.0142111026988071
2020-05-06,0.031220466683930696,9341.89522683,7305.190491026156,0.72,0.038416973166201386
2020-05-07,0.06021489237247679,9921.69763392,7906.923616568444,0.63,0.08237062760806428
2020-05-08,-0.003386166661313066,9888.15792973,7791.91777535137,0.69,-0.014544954117943739
2020-05-09,-0.026675114342801183,9627.87713,7566.603299351785,0.69,-0.02891643398911834
2020-05-10,-0.10123270476417333,8700.93119063,6923.795701526345,0.69,-0.08495325741214795
2020-05-11,-0.0007510007773583289,8694.3992376,6799.19472968891,0.73,-0.017996049740457563
2020-05-12,0.005274772122125796,8740.38137836,6960.428922002935,0.69,0.023713718862910384
2020-05-13,0.06397992251587459,9317.86706854,7351.717391261176,0.64,0.05621614323527117
2020-05-14,0.04556098505420426,9752.21786284,7773.185796117204,0.63,0.05732924464112531
2020-05-15,-0.04270089425850086,9344.55516137,7428.354865343167,0.64,-0.04436159636712704
2020-05-16,0.005614841285221831,9397.17093185,7448.590232980073,0.64,0.0027240712114217107
2020-05-17,0.03658398989481069,9747.32286322,7700.5219718848675,0.64,0.033822741085865915
2020-05-18,0.002142101961685322,9768.22500191,7707.808290192141,0.73,0.000946210962565398
2020-05-19,-0.001793572635006148,9750.72068318,7712.985169362826,0.70,0.0006716408836053673
2020-05-20,-0.018863490877281813,9568.51200136,7534.203391250885,0.68,-0.023179323463772505
2020-05-21,-0.042740423032231085,9168.16616802,7182.7990158422135,0.68,-0.04664121170616934
2020-05-22,0.009708912074417316,9257.61259837,7225.026238429232,0.66,0.005878936956732739
2020-05-23,0.00303369135776076,9285.73998103,7248.7860410011035,0.66,0.0032885420464628234
2020-05-24,-0.05219217042619145,8813.52715197,6894.2670305339225,0.66,-0.0489073630345723
2020-05-25,0.017134491410471617,8965.84366369,6981.598417702633,0.66,0.012667247552485243
2020-05-26,-0.007286372043596781,8900.75261784,6934.948727137621,0.69,-0.006681806625646984
2020-05-27,0.03857478286172752,9250.80541686,7221.697302262089,0.68,0.041348333838774065
2020-05-28,0.035334516612671986,9583.52172305,7487.948612570995,0.70,0.03686824567203982
2020-05-29,-0.012596370677380404,9463.56125048,7408.263494166112,0.65,-0.010641782219379154
2020-05-30,0.020520123897093158,9659.76083522,7533.142964846577,0.65,0.01685678037488896
2020-05-31,-0.026173327312114723,9410.21275074,7364.379523858868,0.65,-0.022402792801788574
2020-06-01,0.06596102841120281,10051.8489304,7934.236297601477,0.66,0.07738014749191109
2020-06-02,-0.054550567622781904,9518.20254935,7388.655009636187,0.68,-0.0687629240548608
2020-06-03,0.019027860575898982,9701.04763913,7462.835378737976,0.77,0.010039766236892027
2020-06-04,0.011808134792023004,9816.27790564,7588.446970186532,0.82,0.016831617619012546
2020-06-05,-0.01030744393252808,9715.61684185,7476.507314191055,0.91,-0.014751326119199994
2020-06-06,-0.008476771893363398,9633.6078509,7463.41286284715,0.91,-0.0017514128982460768
2020-06-07,0.01400749544482483,9769.50010209,7547.079015593134,0.91,0.011210173453283498
2020-06-08,0.003543535912200151,9804.18008514,7552.741129772111,0.88,0.000750239154417068
2020-06-09,-0.004653176866217135,9758.66547706,7583.030631380219,0.84,0.004010398488134372
2020-06-10,0.01227684128221614,9879.20950013,7642.174377043253,0.75,0.007799486582354576
2020-06-11,-0.05691974361901012,9332.59167383,7245.020993224081,0.66,-0.051968636702690606
2020-06-12,0.015942335185369697,9482.56728271,7353.433641635782,0.71,0.014963745241469088
2020-06-13,-0.00042559964833954836,9478.5323641,7341.415733862447,0.71,-0.0016343259977608538
2020-06-14,-0.008626311762155463,9397.11924122,7286.278738484938,0.71,-0.007510403630077591
2020-06-15,-0.0069824266886232165,9331.7330877,7361.462272355103,0.71,0.010318509155168286
2020-06-16,0.018985065834729406,9510.58907901,7426.203001043171,0.75,0.008794547372903389
2020-06-17,-0.007813885983989069,9436.56400868,7365.359237975924,0.74,-0.008193118752436496
2020-06-18,-9.973668935481676e-05,9435.62288396,7311.2362953965585,0.71,-0.007348309950763367
2020-06-19,-0.02133867731217899,9236.41217747,7226.713437435551,0.70,-0.0115606792813175
2020-06-20,0.013212148576141447,9359.25474766,7253.432503363693,0.70,0.0036972637921040556
2020-06-21,0.005562484767298887,9411.46052193,7233.259260253427,0.70,-0.002781199535655886
2020-06-22,0.05176880827001157,9911.5124908,7487.270727097137,0.71,0.035117152269032635
2020-06-23,-0.01856272199956157,9729.22495058,7460.09813150884,0.72,-0.003629172308402909
2020-06-24,-0.040194029558519306,9345.9230224,7212.238375048772,0.69,-0.033224731376279876
2020-06-25,-0.005202839933002039,9297.42395673,7180.071349144558,0.68,-0.0044600613889160855
2020-06-26,-0.01348385266911659,9172.90027804,7100.042812497723,0.64,-0.011145924985323293
2020-06-27,-0.014378636721294148,9041.95017534,7040.563304371197,0.64,-0.008377344995980697
2020-06-28,0.011355017444703708,9145.20680829,7113.372284377292,0.64,0.010341357198065547
2020-06-29,0.0039234651446748816,9181.15818932,7135.290471744956,0.64,0.003081265325561839
2020-06-30,0.0005795104089962722,9186.48030802,7096.142749531155,0.66,-0.005486493138411533
2020-07-01,0.007330550952896553,9254.06970107,7145.966646054452,0.69,0.007021264690114859
2020-07-02,-0.002211746015177323,9233.62466723,7051.5412568798965,0.68,-0.01321380211404868
2020-07-03,-0.018382851256839406,9065.43495794,7034.037995919928,0.68,-0.0024821893997842275
2020-07-04,0.012175635955854178,9176.487087,7050.035141818575,0.68,0.0022742478655824174
2020-07-05,-0.00784634071466221,9104.7669809,7004.78191126266,0.68,-0.006418865955360494
2020-07-06,0.03878407250756846,9464.82403087,7189.90370562455,0.69,0.026427916915477523
2020-07-07,-0.016155934816965346,9313.13955235,7073.0250215458545,0.65,-0.016255945679392453
2020-07-08,0.013284199916779715,9437.68255559,7136.891714333919,0.67,0.009029614994081494
2020-07-09,-0.014832097519421205,9298.73491729,7015.478244717123,0.62,-0.017012093566299426
2020-07-10,-0.0035911733891511362,9265.40143688,7038.775372716518,0.65,0.003320818223182264
2020-07-11,-0.003261680120058361,9235.22989292,6991.664177772623,0.65,-0.006693095382260165
2020-07-12,0.007404500980986473,9303.86595603,7004.231073996425,0.65,0.0017974113035568984
2020-07-13,-0.011515836225209814,9197.33871182,6998.655755717276,0.64,-0.0007959929106061755
2020-07-14,0.0022162185091330893,9217.74462774,6979.627030831343,0.63,-0.0027189113952902095
2020-07-15,0.004415337022736284,9258.53406014,6934.662582244593,0.64,-0.0064422423129670454
2020-07-16,-0.00582696299954767,9204.7417997,6907.504957113229,0.62,-0.003916214352072225
2020-07-17,-0.007791735663831575,9133.29957565,6928.340841238132,0.64,0.003016412475165477
2020-07-18,-9.94764970310418e-05,9132.39107219,6916.7414045819505,0.64,-0.0016742012152665498
2020-07-19,0.0023635357036548986,9154.0013328,6929.410351330463,0.64,0.0018316351598918585
2020-07-20,-0.00316741703681768,9125.05266348,6941.313667721986,0.62,0.001717796434041212
2020-07-21,0.02506392929784391,9356.65261656,7090.118971796493,0.61,0.021437628552426653
2020-07-22,0.018751795328009583,9533.76202132,7158.2124609488565,0.60,0.009603998102603116
2020-07-23,0.013800723157582205,9666.2469226,7160.931822902967,0.59,0.0003798939985290531
2020-07-24,-0.0158683576727195,9514.07005082,7120.310162829681,0.59,-0.005672677952800055
2020-07-25,0.020085452095522316,9707.09647125,7121.226595373819,0.59,0.00012870682922241325
2020-07-26,0.023713972213711288,9940.04139565,7312.819538156486,0.59,0.02690448621690143
2020-07-27,0.1049494624750005,11039.9514996,8269.228102900404,0.62,0.1307851998471472
2020-07-28,-0.013264651088256404,10894.4773598,8181.389933927654,0.59,-0.010622293626407686
2020-07-29,0.02927945808288824,11218.1775105,8340.84889241789,0.58,0.019490448417446758
2020-07-30,0.0007591598121443378,11226.6971335,8287.317744659058,0.55,-0.006417949593535107
2020-07-31,0.059854297154236735,11919.1805283,8421.38558611298,0.55,0.016177470875944695
2020-08-01,0.000952305126486934,11930.5366314,8624.320231439553,0.55,0.02409753635568195
2020-08-02,-0.0924530494010558,10876.9749749,8062.229206951733,0.55,-0.06517511054827756
2020-08-03,0.022716746078561015,11126.892361,8140.599893319588,0.56,0.009720721695716436
2020-08-04,0.0015820820645580445,11144.5099504,8095.39552927533,0.52,-0.005552952440440417
2020-08-05,0.035902896429816804,11551.8996112,8548.892559471591,0.55,0.05601913193200785
2020-08-06,0.019852140376210813,11783.5210274,8586.775432172613,0.55,0.004431319312704502
2020-08-07,-0.018939452331157788,11562.4477047,8493.087517500417,0.57,-0.01091072142415304
2020-08-08,0.013926001532916505,11724.5927649,8550.800917408633,0.57,0.006795337948572285
2020-08-09,0.0017886903472467727,11745.5831979,8478.75126627434,0.57,-0.008426070473422807
2020-08-10,0.02209765157169006,12008.021964,8631.725115654082,0.59,0.018042025833240605
2020-08-11,-0.04292161500667915,11503.5226797,8297.791847656557,0.64,-0.038686735678354685
2020-08-12,0.011573340223676891,11637.4302457,8378.477123939192,0.69,0.009723704542603304
2020-08-13,0.02284850532011883,11906.3890855,8413.979586792457,0.71,0.004237340787364108
2020-08-14,0.003976081657090334,11953.824101,8370.77396054805,0.71,-0.005134981110749071
2020-08-15,-0.026086493608794524,11646.0229265,8428.93388276009,0.71,0.006947974283638701
2020-08-16,0.03297877110985939,12036.4977515,8427.040628650357,0.71,-0.00022461370987915798
2020-08-17,0.011896626288782507,12180.5466159,8762.583675278463,0.69,0.039817423626429836
2020-08-18,-0.004512516436973346,12125.7055278,8577.947829234186,0.67,-0.02107093671073099
2020-08-19,-0.029999996216473312,11767.3368151,8463.238782297954,0.68,-0.013372551246499345
2020-08-20,0.00035433027744620726,11771.5070776,8518.89001403096,0.65,0.006575642394659546
2020-08-21,-0.029422715911701664,11430.2030367,8408.010653459349,0.64,-0.0130157051433917
2020-08-22,0.022665529987045217,11692.2329523,8423.66105992896,0.64,0.0018613685346808937
2020-08-23,-0.006006829244784919,11622.2102233,8417.399368882296,0.64,-0.0007433455598600334
2020-08-24,0.01090344922223079,11749.6257745,8457.213518213031,0.65,0.004729982217301217
2020-08-25,-0.025898547008941016,11449.234182,8209.30543179557,0.69,-0.02931321124665692
2020-08-26,0.015321849818022218,11626.0084246,8304.849309108075,0.69,0.011638484900616804
2020-08-27,-0.012710104179696874,11479.1757523,8213.012151424322,0.74,-0.011058256961150778
2020-08-28,0.016983331047329162,11675.7952957,8336.717545848325,0.74,0.01506212241541004
2020-08-29,0.052064252622119125,12299.7898074,8259.759350789143,0.74,-0.009231234551961877
2020-08-30,-0.046551970436761105,11740.3332865,8336.227199184552,0.74,0.009257878486266396
2020-08-31,0.008925053330432529,11845.5853788,8296.108536102276,0.72,-0.004812568338612486
2020-09-01,-0.008048505300000786,11750.6287641,8396.425107335748,0.68,0.012092003232229098
2020-09-02,-0.021930418294515575,11495.7377094,7927.8095574402705,0.66,-0.05581131778166638
2020-09-03,-0.08446197652389405,10564.65881,7158.907751535653,0.63,-0.09698792589978415
2020-09-04,-0.0015006419661694561,10548.8169291,7374.843195857947,0.72,0.030163182962648673
2020-09-05,-0.026530051833243126,10272.636015,7321.888934453149,0.72,-0.007180391501007008
2020-09-06,0.002647853644109435,10299.8724949,7312.310732468789,0.72,-0.001308159966656936
2020-09-07,0.006821195784017439,10370.3701074,7401.515890694132,0.72,0.012199311748233915
2020-09-08,-0.021783137449150246,10146.9135384,7252.863075269509,0.69,-0.020084104070022122
2020-09-09,0.01151031166310086,10264.3824305,7290.190477366621,0.71,0.0051465747677478454
2020-09-10,0.011323300585441714,10381.2696437,7344.015236755657,0.68,0.007383176002896187
2020-09-11,0.0016191214465105367,10398.0917949,7350.385587658505,0.67,0.0008674207089012616
2020-09-12,0.007265942624441198,10473.9188773,7330.879470069379,0.67,-0.0026537543311846525
2020-09-13,-0.010231540761729422,10367.3009125,7312.927949916539,0.67,-0.0024487539627588927
2020-09-14,0.031666053383146764,10700.845567,7586.43346771561,0.68,0.037400275193767374
2020-09-15,0.011382740981092801,10823.3463953,7747.7467024318985,0.68,0.021263382247107752
2020-09-16,0.01901359328796324,11031.1059707,7912.9849045473675,0.69,0.02132725919700024
2020-09-17,-0.003558412212811806,10991.9225053,7803.172600024166,0.69,-0.013877481866557765
2020-09-18,-0.003879757627237828,10949.3591313,7810.836646583073,0.70,0.0009821705800642378
2020-09-19,0.01775909972795421,11145.546794,7950.830165475538,0.70,0.01792298638759859
2020-09-20,-0.01606380850718995,10967.9372269,7882.884787357856,0.70,-0.008545696072432442
2020-09-21,-0.03872268853219401,10551.3470097,7614.033867275891,0.68,-0.03410565133631458
2020-09-22,-0.0011592046745724238,10539.1229254,7664.069864425604,0.68,0.0065715490660950265
2020-09-23,-0.026377665572733987,10264.75990136,7514.459076269336,0.68,-0.01952106267333464
2020-09-24,0.04511220177589242,10738.42963538,7830.873698402025,0.67,0.04210743832938376
2020-09-25,-0.004151097024724629,10693.94576438,7717.119654198224,0.66,-0.014526354093415334
2020-09-26,0.005852062219145087,10756.7108739,7764.287531403967,0.66,0.006112109092423118
2020-09-27,0.0024344108664755056,10782.92902767,7772.054653423841,0.66,0.0010003650674268625
2020-09-28,-0.0020151944679187577,10761.22120883,7728.010604255597,0.67,-0.005666976254321764
2020-09-29,0.007637749983712339,10843.72740571,7827.237225085629,0.66,0.012839866029090373
2020-09-30,-0.005963031414216864,10779.25832515,7777.835074973677,0.69,-0.006311569292115196
2020-10-01,-0.014747169889561176,10621.46116192,7662.508184353954,0.68,-0.014827633847727725
2020-10-02,-0.004531473025083864,10573.4391845,7671.409627462561,0.70,0.001161687908768943
2020-10-03,-0.001577431459741603,10556.77345687,7643.493974820995,0.70,-0.0036389208759797344
2020-10-04,0.010389501303650182,10667.024805,7703.8032205376385,0.70,0.00789027189859929
2020-10-05,0.012254833937062764,10798.55169663,7798.871813846747,0.78,0.01234047529351008
2020-10-06,-0.01737590584632806,10612.53783883,7704.844057276186,0.76,-0.01205658444130554
2020-10-07,0.005436773300091338,10670.3929312,7749.252253519435,0.81,0.005763672296691284
2020-10-08,0.022102378209962633,10908.85962413,7922.494036982404,0.78,0.02235593548839365
2020-10-09,0.01479298157604647,11071.4336965,7987.064964105798,0.79,0.008150328270614644
2020-10-10,0.021012335196615863,11306.53170154,8170.641756156384,0.79,0.02298426178772649
2020-10-11,0.00641871926843832,11379.33856788,8218.271518101314,0.79,0.005829378323806912
2020-10-12,0.014261487085742644,11542.78760073,8326.301978863046,0.79,0.013145155952050026
2020-10-13,-0.009975272478113787,11428.21753311,8241.265076859192,0.74,-0.01021304562574441
2020-10-14,0.00024093296341583565,11430.97129915,8272.339124750355,0.73,0.0037705434300877435
2020-10-15,0.005294173749872356,11491.64932562,8344.048085357525,0.74,0.00866852283565364
2020-10-16,-0.015203027543476572,11318.26280402,8229.807443426935,0.76,-0.013691273200002763
2020-10-17,0.0037561189795169542,11360.85548727,8250.70669168423,0.76,0.0025394577456350803
2020-10-18,0.010958361999572607,11486.036491,8330.519894627381,0.76,0.009673499001436254
2020-10-19,0.021489284987048368,11735.53436679,8563.778603545485,0.78,0.02800049839248801
2020-10-20,0.015591624379430475,11919.94429993,8797.544048716432,0.81,0.027296997738144074
2020-10-21,0.07605543337857879,12861.88674374,9519.826894926617,0.83,0.08210050921149589
2020-10-22,0.006162937831659599,12941.39851352,9549.812686893609,0.87,0.00314982533799773
2020-10-23,-0.002097603974528565,12914.28103537,9529.809582139214,0.85,-0.0020946070263605393
2020-10-24,0.014767326468123326,13106.40553066,9663.237141390515,0.85,0.014001072959670733
2020-10-25,-0.0058329080277746866,13030.17959817,9630.8654652677,0.85,-0.003349982583388923
2020-10-26,0.001875029827626958,13054.63449324,9723.419528384115,0.81,0.00961015014177049
2020-10-27,0.0421973898257263,13617.29388511,10217.354611876695,0.79,0.050798495534488716
2020-10-28,-0.029166222229262562,13225.86486601,9958.00894053843,0.79,-0.025382858987472275
2020-10-29,0.014095663885031388,13413.61231564,10145.51850302014,0.85,0.01883002552029953
2020-10-30,0.006662139564157187,13503.27401068,10278.914469844232,0.88,0.013148265096986774
2020-10-31,0.015586853880063544,13715.39643563,10476.858516668626,0.88,0.01925729097222398
2020-11-01,-0.004837828849423051,13649.20393816,10391.508591576843,0.88,-0.008146518821075205
2020-11-02,-0.016028238845067187,13432.17517808,10304.421007311947,0.87,-0.008380648824703671
2020-11-03,0.03520843462637641,13913.52510466,10668.501409493821,0.90,0.03533244632799125
2020-11-04,0.010952293865699072,14066.74765791,10797.885770057239,0.78,0.012127697752214686
2020-11-05,0.09764683255908709,15509.62071378,12070.863789973291,0.79,0.11789141384010995
2020-11-06,0.0015497401717642551,15533.67523036,11836.877135751092,0.83,-0.01938441674874675
2020-11-07,-0.04679732408858269,14823.48783502,11270.289183280163,0.83,-0.04786633720811844
2020-11-08,0.041516945362628954,15451.86771954,11768.773370380386,0.83,0.04422993758134796
2020-11-09,-0.010228713084186325,15294.62058694,11682.23463092582,0.96,-0.0073532505666535596
2020-11-10,-0.0033448367864387977,15243.54803965,11605.88438574334,0.98,-0.006535585664437906
2020-11-11,0.029309523749889193,15696.9410833,11944.678380587076,0.98,0.029191570722513
2020-11-12,0.03319562377125531,16226.75594981,12501.877695169795,0.88,0.04664833131784433
2020-11-13,0.00034891578464220894,16232.41870895,12439.176385562807,0.89,-0.00501535138447346
2020-11-14,-0.011928329381307765,16039.94330911,12261.616499820362,0.89,-0.014274247766799482
2020-11-15,-0.009560945256322666,15887.31707739,12216.374844695232,0.89,-0.003689697449418086
2020-11-16,0.04780134605727058,16665.1959337,12827.53131691985,0.91,0.050027645680011494
2020-11-17,0.057662002230227966,17654.38988443,13560.847284254107,0.87,0.057167349602724654
2020-11-18,0.007830805250348698,17793.18068606,13741.953445665176,0.88,0.013355077128650885
2020-11-19,-0.0002846481347710939,17788.11661114,13755.830494549191,0.86,0.001009830875856447
2020-11-20,0.04587449610600697,18623.14429884,14296.460595105333,0.83,0.03930188735390196
2020-11-21,-0.001161501086007616,18601.52605375,13908.557224291271,0.83,-0.027132825515349412
2020-11-22,-0.010992298612898048,18398.17223527,13685.366409187225,0.83,-0.016047014187369753
2020-11-23,-0.0021344543827784453,18358.94405618,13219.816952431314,0.86,-0.034018048390971785
2020-11-24,0.04202245322880567,19146.87129614,13740.551047707224,0.88,0.039390416459596976
2020-11-25,-0.024137309101964974,18690.25031531,13624.902533299954,0.88,-0.008416584895739512
2020-11-26,-0.08752837350051046,17123.87418362,12586.35486866389,0.88,-0.0762242270796287
2020-11-27,-0.0037143103499426306,17060.38877575,12492.355797602828,0.84,-0.007468331541730982
2020-11-28,0.03875768903505703,17734.59088211,12859.063995695542,0.84,0.029354607252147124
2020-11-29,0.024132430493913247,18167.77554048,13171.611003817297,0.84,0.024305579957170892
2020-11-30,0.07685119286484608,19619.04234746,14253.857358648289,0.84,0.08216507111524497
2020-12-01,-0.04113541810197414,18828.37847085,13708.537842121726,0.92,-0.03825768020582155
2020-12-02,0.020274049461906973,19214.0018119,13978.369410758201,0.95,0.019683468196540498
2020-12-03,0.012764113073665847,19460.82338178,14133.467526415532,0.92,0.011095579970719777
2020-12-04,-0.04173486225494745,18665.34367697,13769.259591141275,0.97,-0.025769184709523683
2020-12-05,0.025654132935133644,19150.38190107,14019.41798793933,0.97,0.01816789022984209
2020-12-06,0.01207602842355874,19383.04444957,14133.697776698935,0.97,0.008151535881012844
2020-12-07,-0.010706468970698265,19176.62745595,14054.175341200138,0.94,-0.005626442333435123
2020-12-08,-0.04529674488610158,18327.36819814,13507.151832127696,0.92,-0.03892249070415607
2020-12-09,0.011057481968873403,18531.14730714,13602.865619463744,0.95,0.007086156173086475
2020-12-10,-0.015251653560065316,18250.66104503,13426.54858949016,0.92,-0.01296175636119646
2020-12-11,-0.010782258012069086,18054.93479045,13337.245988731363,0.90,-0.006651195589363819
2020-12-12,0.03947493568842361,18781.90635904,13956.160225611999,0.90,0.04640495027260918
2020-12-13,0.020130292791076355,19163.82278105,14147.88718888867,0.90,0.013737801814916005
2020-12-14,0.005949752501559612,19278.18265269,14272.576690211696,0.90,0.008813294851612431
2020-12-15,0.0077879286532814935,19428.90591295,14456.645888478659,0.92,0.01289670409640889
2020-12-16,0.09510502604281679,21367.41244952,15853.095115826884,0.92,0.09659565836506628
2020-12-17,0.0657094491229011,22818.60992489,17199.818336550914,0.94,0.08495017603089594
2020-12-18,0.014276599400684048,23146.71864309,17435.724992273488,0.95,0.01371564810200668
2020-12-19,0.03094515130281052,23874.19523847,18091.877349244503,0.95,0.03763263972457608
2020-12-20,-0.016990061931622984,23471.9975396,17855.814582418414,0.95,-0.013047997301172684
2020-12-21,-0.03148631849734021,22744.4645221,17448.721514198256,0.95,-0.02279890768024657
2020-12-22,0.046225193359303945,23820.51040882,18349.81362774357,0.93,0.051642300142854765
2020-12-23,-0.025110312027663055,23229.81724171,18469.639082773218,0.96,0.00653006387206465
2020-12-24,0.021611527910457666,23737.31321472,18593.48078966346,0.94,0.006705150346210605
2020-12-25,0.0378157459180636,24652.14594374,19419.23959231902,0.94,0.04441120046304717
2020-12-26,0.06886097621481174,26409.52998928,21122.36438265646,0.94,0.08770295985281955
2020-12-27,-0.006532095941323437,26237.58260542,20807.35686879412,0.94,-0.014913458936490646
2020-12-28,0.0295901065331759,27025.55608623,21369.45749865822,0.94,0.027014513828381163
2020-12-29,0.00611759977092113,27191.39437087,21657.236591477405,0.94,0.01346684130082646
2020-12-30,0.05708635884849963,28788.81370493,23046.257065918533,0.93,0.06413655170520405
2020-12-31,0.0065411925368043956,28977.74411974,23170.61056129895,0.93,0.005395821760762752
2021-01-01,0.01274544719858113,29349.44212426,23555.243422071697,0.93,0.01660003130928224
2021-01-02,0.09159917788982712,32164.80094523,25982.07071893055,0.93,0.10302705233709755
2021-01-03,0.025881161736395646,33008.12944771,25730.238133265524,0.93,-0.009692552544764683
2021-01-04,-0.032578261958142625,31950.10975632,24700.530927264488,0.93,-0.04001934224890719
2021-01-05,0.061250280078259584,33968.23747749,26327.49286050957,0.96,0.06586748835626195
2021-01-06,0.07681993515881615,36680.52026984,28312.957447579403,1.04,0.0754141154871594
2021-01-07,0.06987674763270713,39335.30961325,30613.656005900066,1.08,0.08125956331408817
2021-01-08,0.031010851499430017,40574.24194593,31992.056539181645,1.13,0.04502567524166095
2021-01-09,-0.008352204190216182,40236.76887615,31147.249761713552,1.13,-0.02640676683080478
2021-01-10,-0.04848732135829871,38332.33917873,29525.37462552648,1.13,-0.05207121490966091
2021-01-11,-0.08028787715954909,35375.0237638,27745.347103496188,1.15,-0.06028805881742655
2021-01-12,-0.04396880986286009,33853.32485985,26347.81826398747,1.15,-0.05036984523190977
2021-01-13,0.09710764934692974,37305.65289141,29010.888179555786,1.10,0.10107364066679614
2021-01-14,0.04924213377733406,39188.64360981,30354.9834937927,1.15,0.04633071920852494
2021-01-15,-0.06578460163841056,36693.60170339,28333.14549202909,1.11,-0.06660646025971512
2021-01-16,-0.012096901948366916,36252.39678805,27314.886291761573,1.11,-0.03593879827264433
2021-01-17,-0.00989765168167054,35895.35305404,26927.041145289306,1.11,-0.014199039393008393
2021-01-18,0.019876767836790814,36615.97474265,27599.828048255935,1.11,0.02498554888881017
2021-01-19,-0.012999956797041672,36143.04931826,26728.078998461697,1.10,-0.031585307280540285
2021-01-20,-0.01825097482704583,35489.38657054,26182.421091913217,1.10,-0.020415156157682898
2021-01-21,-0.1418721483411888,30795.2831446,22931.78496207285,1.12,-0.1241533820890372
2021-01-22,0.06855161360238249,32980.39015791,24427.168975770182,1.10,0.06521010100916991
2021-01-23,-0.027631794888772848,32081.55814134,23490.796230977074,1.10,-0.038333248757640166
2021-01-24,0.004982360861393611,32241.79889815,23194.578871910388,1.10,-0.012609932679764485
2021-01-25,0.002966600412773901,32337.58944796,23528.80065491074,1.05,0.014409478389155425
2021-01-26,0.01017048462958668,32668.15656886,23602.983402170074,1.05,0.0031528486448309224
2021-01-27,-0.0709144549577845,30431.74610361,22104.913037031398,1.04,-0.06346953432170536
2021-01-28,0.0905252304813022,33315.12752081,24382.471337421895,1.07,0.10303403123889261
2021-01-29,0.029511101163780282,34312.94454296,24929.55951278419,1.11,0.022437765548508303
2021-01-30,0.0012438593555271198,34355.65157531,24701.10857884349,1.11,-0.009163857621453313
2021-01-31,-0.03768408691558547,33085.08072341,23796.192472362916,1.11,-0.03663463538861713
2021-02-01,0.018475737549738257,33702.03377319,24074.041324423142,1.09,0.011676189473711886
2021-02-02,0.052524250589401786,35519.5210997,25401.0239332084,1.12,0.055120891042046635
2021-02-03,0.05462599870420215,37513.78382791,26556.792746851013,1.15,0.0455008749521945
2021-02-04,-0.014045510316711233,36990.566618,26154.46549246944,1.15,-0.015149692894646663
2021-02-05,0.033263381295388056,38241.69089467,26713.16230072189,1.19,0.02136143093474093
2021-02-06,0.02804821617174845,39329.4861526,27779.685674518707,1.19,0.03992501381118753
2021-02-07,-0.011559247156572158,38877.48433487,27546.861420413014,1.19,-0.008381097498135287
2021-02-08,0.17695674238084033,46403.36678208,33589.00981039266,1.19,0.2193407189939337
2021-02-09,0.003376531890060809,46560.31404944,33676.20690398403,1.18,0.0025960007181989376
2021-02-10,-0.03749331660954601,44846.93430832,32009.75597487166,1.15,-0.04948451985295354
2021-02-11,0.06274631249773964,47751.07330839,34435.41381453678,1.16,0.07577870451650169
2021-02-12,-0.005098324271809271,47508.2423937,33571.250578379455,1.20,-0.025095189528186387
2021-02-13,-0.008136262114571392,47123.2711183,33147.789998660046,1.20,-0.012613786273190727
2021-02-14,0.032849068418997124,48696.93181553,34904.67281951757,1.20,0.05300150691580166
2021-02-15,-0.015265683533640871,47959.18529488,34361.11804622745,1.20,-0.015572550302954836
2021-02-16,0.023714186674124324,49110.090827,35482.430289240416,1.30,0.03263317105992936
2021-02-17,0.060888920508762705,52193.2642924,37812.659591350544,1.29,0.0656727648899726
2021-02-18,-0.00979938148938935,51684.30042287,37057.41820128988,1.29,-0.019973241719115156
2021-02-19,0.07589871556846328,55759.77794435,40616.229707666294,1.34,0.09603506339933143
2021-02-20,0.003180387301097966,55937.3979345,40722.47488153494,1.34,0.00261583053457543
2021-02-21,0.02855949161557052,57557.97282978,41928.298145111985,1.34,0.029610755905305052
2021-02-22,-0.06026927796992061,54191.46290407,39378.03380935694,1.37,-0.06082441807985375
2021-02-23,-0.10853753104931631,48617.61209255,35767.65028791121,1.37,-0.09168521564395213
2021-02-24,0.01671446770149519,49437.05883006,36233.86663742352,1.38,0.0130345814097238
2021-02-25,-0.0496652212568818,47041.73095564,34549.60461338004,1.54,-0.04648308834652266
2021-02-26,-0.018518511014648416,46178.60471541,33789.76769198877,1.44,-0.02199263724995022
2021-02-27,-0.004775864597865749,45958.58775577,33392.8194591723,1.44,-0.011747586915508135
2021-02-28,-0.01463951944609471,45290.67699151,32685.658824796188,1.44,-0.02117702685275562
2021-03-01,0.08945427034579806,49528.85731283,36084.09474285225,1.45,0.10397330328486201
2021-03-02,-0.02707945346961867,48205.6397878,35176.89296324511,1.42,-0.02514132018752782
2021-03-03,0.04812469980287385,50582.24988983,36810.89667501628,1.47,0.04645105278281605
2021-03-04,-0.042786799197626325,48463.64469125,35255.05914808206,1.54,-0.0422656785752838
2021-03-05,0.0028686271703541977,48602.86841419,35486.25844076391,1.56,0.00655790397941871
2021-03-06,0.007645637603275733,48975.89251901,35132.18240744922,1.56,-0.00997783505143936
2021-03-07,0.04843030254018126,51406.18470262,36854.514121165885,1.56,0.04902433027762813
2021-03-08,0.012036698283185855,52028.68434221,37425.12774506312,1.59,0.01548286926321255
2021-03-09,0.04889366123148099,54635.77290869,39463.419671839336,1.55,0.05446319223439652
2021-03-10,0.027020485454570482,56132.18384701,40988.696376531174,1.53,0.03865039363986641
2021-03-11,0.02891257641623005,57778.79914322,42584.204404799246,1.54,0.03892556166244919
2021-03-12,-0.009536392293133779,57230.41679889,42512.965118675034,1.64,-0.0016729040056031393
2021-03-13,0.06520436836232284,61086.43861603,45412.88058664701,1.64,0.06821249611446419
2021-03-14,-0.02800562010509307,59399.40844769,44050.38463696247,1.64,-0.0300024119167009
2021-03-15,-0.061638373713743005,55848.68018498,41251.54939138198,1.62,-0.06353713522928021
2021-03-16,0.011926205291240461,56518.7306478,41725.70916210229,1.62,0.011494350581153431
2021-03-17,0.04163228502688205,58921.40187289,43341.18363750323,1.63,0.03871652532315028
2021-03-18,-0.017854926976696297,57878.70092057,42713.91029033484,1.71,-0.014472916854665882
2021-03-19,0.006652149455514528,58265.00213156,42839.22977194714,1.74,0.002933926694149012
2021-03-20,0.0009598451221817985,58320.95435809,42878.43249834357,1.74,0.0009151127740887921
2021-03-21,-0.01428964764519165,57493.49460429,42281.13340024905,1.74,-0.013930059083143938
2021-03-22,-0.053332204321486915,54507.57047195,39950.8264822097,1.69,-0.05511458020720003
2021-03-23,0.003929543760519689,54722.18174143,40222.77207283479,1.63,0.00680700787870293
2021-03-24,-0.035485864875189815,52814.36819773,39084.964358813544,1.62,-0.02828765038771875
2021-03-25,-0.02124203611427222,51704.31511487,38079.119084394435,1.63,-0.025734839238564993
2021-03-26,0.06231477817832468,55028.76347011,40486.383937191604,1.67,0.06321745120894125
2021-03-27,0.01682216498290193,55962.29641606,41310.37336918086,1.67,0.02035226048509416
2021-03-28,-0.00024461082794996193,55948.6091065,41336.64620439862,1.67,0.000635986389737131
2021-03-29,0.03011620745077531,57659.19796129,42417.982550024884,1.73,0.026159266532639076
2021-03-30,0.020692427286120432,58864.73646644,43399.779919257606,1.73,0.023145781817295444
2021-03-31,0.003430332947516325,59067.00884384,43047.27998979019,1.74,-0.008122159377840514
2021-04-01,7.661830625436299e-05,59071.53463139,42917.167156679505,1.69,-0.0030225564342636303
2021-04-02,0.004722507816801478,59351.16016263,42442.340087484175,1.72,-0.011063802684409674
2021-04-03,-0.029742311301125576,57611.91231682,41287.29684175259,1.72,-0.027214410029012384
2021-04-04,0.016873237657907398,58592.25936047,41809.25126716215,1.72,0.012642010142008697
2021-04-05,-0.0003755352044660698,58570.26003539,41518.03264757092,1.73,-0.006965411021841431
2021-04-06,-0.009310853416619733,58027.45185475,40448.96283119973,1.67,-0.025749529739187697
2021-04-07,-0.030714106802892736,56272.28270435,39569.048312784595,1.68,-0.021753697915251002
2021-04-08,0.03424849895722699,58232.90649007,40890.237036749444,1.64,0.03338944908457601
2021-04-09,0.000635574633800404,58269.92961252,40981.51862107509,1.67,0.0022323564484013343
2021-04-10,0.02502754789120033,59746.68577614,41594.58413486311,1.67,0.014959560660905879
2021-04-11,0.006805930618944937,60154.70447274,41776.3808801688,1.67,0.004370683084996062
2021-04-12,-0.003782233578965804,59927.61505288,41359.75549139656,1.69,-0.009972749673249293
2021-04-13,0.056903245061340715,63436.57977955,43443.33176447485,1.64,0.05037690016111701
2021-04-14,-0.004878450842246306,63127.86119,42488.43672340692,1.64,-0.02198024420053305
2021-04-15,0.0009512777570917268,63187.94189239,42185.21913602988,1.56,-0.007136473138584467
2021-04-16,-0.024687652039197858,61647.07838067,40629.142201873176,1.59,-0.03688678086841275
2021-04-17,-0.014598383780638626,60753.66771379,40371.11681376335,1.59,-0.006350746634713077
2021-04-18,-0.07807875477125825,56190.55596866,37147.110526414115,1.59,-0.07985922961264487
2021-04-19,-0.007978778319855833,55744.0078023,36985.40896701097,1.61,-0.004353005041621379
2021-04-20,0.013066044681997565,56477.14064212,37291.71552863724,1.58,0.008281821674582128
2021-04-21,-0.04439369593123753,54024.74973271,35251.708070836525,1.57,-0.05470403892344792
2021-04-22,-0.04460601070627589,51667.877282,33713.38417387039,1.57,-0.04363827970760873
2021-04-23,-0.010401543477418519,51133.23697259,33304.72672869288,1.58,-0.012121519544580137
2021-04-24,-0.020561819922422474,50092.5801258,33040.2924765937,1.58,-0.007939841520193829
2021-04-25,-0.019306827360076224,49134.72762908,31884.913027822415,1.58,-0.034968802094889874
2021-04-26,0.09613038589257823,54092.54924012,34914.21818486524,1.58,0.09500747749882485
2021-04-27,0.0174924869115293,55047.08672741,35283.805174733796,1.63,0.010585572557049725
2021-04-28,-0.003940682500047404,54830.5904877,34798.392660675156,1.63,-0.013757374287006801
2021-04-29,-0.02181145935695337,53647.60352689,33749.487026870964,1.65,-0.03014235870122632
2021-04-30,0.07594595358066926,57880.62807351,36878.15995012846,1.65,0.09270282895756253
2021-05-01,-0.0015506466585527101,57790.94522217,36284.29042965797,1.65,-0.016103556177249477
2021-05-02,-0.02468585100525765,56381.79120184,35448.45340742941,1.65,-0.023035782492396895
2021-05-03,0.01824054399869855,57419.66263845,34764.94363799446,1.63,-0.019281793808575608
2021-05-04,-0.07436870334400845,53304.35824351,31953.49438861113,1.61,-0.0808702375202677
2021-05-05,0.0767807664196227,57558.32965608,33893.729223599024,1.59,0.06072058383947625
2021-05-06,-0.01778140900463647,56543.90711398,33147.91506847841,1.58,-0.022004487915756675
2021-05-07,0.016928908018988564,57509.28203286,34036.69774903126,1.60,0.02681262693948502
2021-05-08,0.030509936801660552,59290.92733346,34670.7323331891,1.60,0.018627969987949
2021-05-09,-0.017371894584883116,58269.82650108,34172.649538575584,1.60,-0.01436608808336939
2021-05-10,-0.03776742779793542,56110.16418314,32926.08698001175,1.63,-0.03647837014091223
2021-05-11,0.016350273903218894,57035.1217856,32791.0652044875,1.64,-0.004100753776366297
2021-05-12,-0.14303930371865203,49433.48091981,28275.346040979715,1.69,-0.1377118777736383
2021-05-13,0.005117016143409404,49687.08112452,28140.287138274412,1.66,-0.004776560559490972
2021-05-14,0.008257467136759676,50099.0692121,27351.738632078246,1.63,-0.02802204904027574
2021-05-15,-0.0665518204870285,46873.4121147,25695.75284067724,1.63,-0.060544077788856114
2021-05-16,-0.01033416704788731,46391.50876738,25450.071262328296,1.63,-0.009561174559556844
2021-05-17,-0.06347019224736095,43538.52809983,23965.439560085368,1.64,-0.05833507053634502
2021-05-18,-0.010136849215109196,43099.41398235,23193.152200752866,1.64,-0.03222504462712851
2021-05-19,-0.152590356769979,37000.04184354,21704.491399159953,1.68,-0.06418535905372058
2021-05-20,0.09681037748448905,40761.14996506,23302.79410026146,1.63,0.07363926072754544
2021-05-21,-0.08862978769533239,37303.96545029,21780.578479436834,1.63,-0.06532330905363608
2021-05-22,0.008415875199178073,37619.23574488,22543.110659228118,1.63,0.035009730366491174
2021-05-23,-0.07491184563328364,34904.07773422,21125.5727132431,1.63,-0.06288120425850564
2021-05-24,0.10505432746823641,38770.43572648,22577.22410057927,1.61,0.06871536251541092
2021-05-25,-0.009351390462235343,38409.56818005,22311.152824046225,1.56,-0.011784941999411684
2021-05-26,0.02489921129607995,39377.94197607,22338.944500270958,1.58,0.001245640529824182
2021-05-27,-0.022673234333582835,38495.1622238,22134.827853233506,1.61,-0.009137255658385118
2021-05-28,-0.067024342463132,35999.61465642,20794.622335981305,1.58,-0.06054736572330835
2021-05-29,-0.03699195921914076,34692.2484778,20410.86166961062,1.58,-0.018454803370324194
2021-05-30,0.027599955935493112,35663.08895633,20847.185843195533,1.58,0.021377057992340943
2021-05-31,0.047335782065616686,37391.82184235,21217.81752197313,1.58,0.017778499293158598
2021-06-01,-0.01850037500362554,36706.41877206,20809.262202979073,1.62,-0.019255294215390403
2021-06-02,0.025338024108035283,37648.3700934,21175.68231764935,1.59,0.017608510628397925
2021-06-03,0.03923662439648459,39154.92789576,22138.81970059771,1.63,0.04548318058897264
2021-06-04,-0.05825853385747113,36938.9944354,20888.60598826843,1.56,-0.056471561232124955
2021-06-05,-0.03748890178917627,35579.82810664,20045.96628093855,1.56,-0.04033968125030111
2021-06-06,0.00759639582403136,35851.13573972,20103.46756807614,1.56,0.0028684717080595273
2021-06-07,-0.06347474829563661,33646.21265275,18856.750046901576,1.57,-0.062015048744840574
2021-06-08,-0.0056249132955859165,33457.48690444,18853.38466057382,1.53,-0.00017847117448041236
2021-06-09,0.10933013288892023,37322.84919926,21604.37130729963,1.50,0.1459147360674536
2021-06-10,-0.016508798455182695,36711.75192393,21522.82772492133,1.45,-0.0037744020049657987
2021-06-11,0.014821292871991456,37259.91979465,22442.986432631802,1.47,0.04275268656474059
2021-06-12,-0.04594441173883572,35586.76506316,20977.679458076742,1.47,-0.06529019562318691
2021-06-13,0.08900234760155405,38899.29583171,23399.482435289392,1.47,0.11544665757966939
2021-06-14,0.02543916305850703,39901.55563599,24211.50853775705,1.51,0.03470273775128547
2021-06-15,0.013365071551546731,40438.42242212,24141.497830545093,1.51,-0.0028916292887234928
2021-06-16,-0.053465851612267086,38333.12985098,23183.663768898106,1.57,-0.03967583405015926
2021-06-17,-0.008473150442135386,38009.69964626,22918.84712818769,1.52,-0.011422553542450921
2021-06-18,-0.06067445905204894,35772.05213657,21534.710583707216,1.45,-0.0603929393454584
2021-06-19,-0.004616878896699191,35607.27756877,21597.24927856016,1.45,0.0029040880122280623
2021-06-20,0.001786064366483489,35670.93128632,21494.40381346955,1.45,-0.0047619705530141535
2021-06-21,-0.11919873961854101,31662.63781054,19764.478228855114,1.50,-0.08048260373383198
2021-06-22,0.02452622291539945,32448.80416062,20578.554039525556,1.48,0.04118883388896819
2021-06-23,0.03892000052061134,33736.60977678,20998.353665484152,1.50,0.020399860221096213
2021-06-24,0.027234628535563944,34668.0398163,21542.197362357503,1.49,0.025899349326956488
2021-06-25,-0.0884421396662875,31733.60075059,19670.25365302071,1.54,-0.08689660009372105
2021-06-26,0.010105984563863463,32055.92599362,20065.739378163333,1.54,0.020105776576088443
2021-06-27,0.07610240879070751,34590.68663608,21635.79318866035,1.54,0.07824549999914976
2021-06-28,-0.006509317510837862,34366.25611107,21242.201890928387,1.49,-0.018191674060660332
2021-06-29,0.043689309921199265,35900.97542985,22125.544633567766,1.49,0.04158433043688452
2021-06-30,-0.022837971960515988,35090.36158036,21213.59785040572,1.45,-0.041216919098049504
2021-07-01,-0.045812634800224586,33519.0474924,20473.137520133267,1.48,-0.03490498573104099
2021-07-02,0.009064536114652461,33824.2633391,20627.892380607384,1.44,0.007558922530654184
2021-07-03,0.024897841563237735,34676.98591455,21063.074621484066,1.44,0.021096786469848174
2021-07-04,0.017516683147887666,35289.76293143,21310.428867775554,1.44,0.01174350139932516
2021-07-05,-0.0429350432490718,33806.66176437,20411.378687911085,1.44,-0.04218827248587018
2021-07-06,0.011256983007481914,34189.37282594,20498.09003305389,1.37,0.004248186585953691
